fecha,ventas_totales,num_ordenes,ticket_promedio,descuento_total,pedidos_con_descuento,dia_semana,nombre_dia,mes,anio,dia_mes,semana_anio,es_fin_semana,trimestre,ventas_dia_anterior,ventas_promedio_7d
2023-10-10,1178640.0,2,589320.0,130960.0,2,1,Tuesday,10,2023,10,41,0,4,,1178640.0
2023-10-11,215820.0,1,215820.0,23980.0,1,2,Wednesday,10,2023,11,41,0,4,1178640.0,697230.0
2023-10-12,167900.0,1,167900.0,0.0,0,3,Thursday,10,2023,12,41,0,4,215820.0,520786.6666666667
2023-10-16,560000.0,1,560000.0,0.0,0,0,Monday,10,2023,16,42,0,4,167900.0,530590.0
2023-10-17,980000.0,3,326666.6666666667,70000.0,1,1,Tuesday,10,2023,17,42,0,4,560000.0,620472.0
2023-10-19,305910.0,1,305910.0,33990.0,1,3,Thursday,10,2023,19,42,0,4,980000.0,568045.0
2023-10-21,242910.0,1,242910.0,26990.0,1,5,Saturday,10,2023,21,42,1,4,305910.0,521597.14285714284
2023-10-26,118881.0,1,118881.0,0.0,0,3,Thursday,10,2023,26,43,0,4,242910.0,370203.0
2023-10-28,543481.0,1,543481.0,0.0,0,5,Saturday,10,2023,28,43,1,4,118881.0,417011.71428571426
2023-10-29,229900.0,1,229900.0,0.0,0,6,Sunday,10,2023,29,43,1,4,543481.0,425868.85714285716
2023-11-06,199900.0,1,199900.0,0.0,0,0,Monday,11,2023,6,45,0,4,229900.0,374426.0
2023-11-08,280000.0,1,280000.0,0.0,0,2,Wednesday,11,2023,8,45,0,4,199900.0,274426.0
2023-11-09,339900.0,1,339900.0,0.0,0,3,Thursday,11,2023,9,45,0,4,280000.0,279281.71428571426
2023-11-14,523800.0,2,261900.0,0.0,0,1,Tuesday,11,2023,14,46,0,4,339900.0,319408.85714285716
2023-11-15,280000.0,1,280000.0,0.0,0,2,Wednesday,11,2023,15,46,0,4,523800.0,342425.85714285716
2023-11-16,199800.0,1,199800.0,0.0,0,3,Thursday,11,2023,16,46,0,4,280000.0,293328.5714285714
2023-11-20,643900.0,2,321950.0,0.0,0,0,Monday,11,2023,20,47,0,4,199800.0,352471.4285714286
2023-11-22,809700.0,3,269900.0,699700.0,3,2,Wednesday,11,2023,22,47,0,4,643900.0,439585.71428571426
2023-11-23,949700.0,3,316566.6666666667,689700.0,3,3,Thursday,11,2023,23,47,0,4,809700.0,535257.1428571428
2023-11-24,1565420.0,4,391355.0,757680.0,3,4,Friday,11,2023,24,47,0,4,949700.0,710331.4285714285
2023-11-25,809700.0,3,269900.0,689700.0,3,5,Saturday,11,2023,25,47,1,4,1565420.0,751174.2857142857
2023-11-26,1331600.0,4,332900.0,957600.0,4,6,Sunday,11,2023,26,47,1,4,809700.0,901402.8571428572
2023-11-27,1349500.0,4,337375.0,1169500.0,4,0,Monday,11,2023,27,48,0,4,1331600.0,1065645.7142857143
2023-11-29,699600.0,2,349800.0,0.0,0,2,Wednesday,11,2023,29,48,0,4,1349500.0,1073602.857142857
2023-12-10,359850.0,2,179925.0,119950.0,2,6,Sunday,12,2023,10,49,1,4,699600.0,1009338.5714285715
2023-12-12,404850.0,1,404850.0,134950.0,1,1,Tuesday,12,2023,12,50,0,4,359850.0,931502.8571428572
2023-12-13,374850.0,1,374850.0,124950.0,1,2,Wednesday,12,2023,13,50,0,4,404850.0,761421.4285714285
2023-12-15,367935.0,2,183967.5,85865.0,2,4,Friday,12,2023,15,50,0,4,374850.0,698312.1428571428
2023-12-20,254925.0,1,254925.0,84975.0,1,2,Wednesday,12,2023,20,51,0,4,367935.0,544501.4285714285
2023-12-26,374850.0,1,374850.0,124950.0,1,1,Tuesday,12,2023,26,52,0,4,254925.0,405265.71428571426
2023-12-29,202425.0,1,202425.0,67475.0,1,4,Friday,12,2023,29,52,0,4,374850.0,334240.71428571426
2023-12-30,172425.0,1,172425.0,57475.0,1,5,Saturday,12,2023,30,52,1,4,202425.0,307465.71428571426
2023-12-31,254925.0,1,254925.0,84975.0,1,6,Sunday,12,2023,31,52,1,4,172425.0,286047.85714285716
2024-01-02,271920.0,1,271920.0,67980.0,1,1,Tuesday,1,2024,2,1,0,1,254925.0,271343.5714285714
2024-01-04,206910.0,1,206910.0,22990.0,1,3,Thursday,1,2024,4,1,0,1,271920.0,248340.0
2024-01-07,269900.0,1,269900.0,0.0,0,6,Sunday,1,2024,7,1,1,1,206910.0,250479.2857142857
2024-01-09,269900.0,1,269900.0,230000.0,1,1,Tuesday,1,2024,9,2,0,1,269900.0,235486.42857142858
2024-01-12,269900.0,1,269900.0,230000.0,1,4,Friday,1,2024,12,2,0,1,269900.0,245125.7142857143
2024-01-13,269900.0,1,269900.0,230000.0,1,5,Saturday,1,2024,13,2,1,1,269900.0,259050.7142857143
2024-01-14,280000.0,1,280000.0,0.0,0,6,Sunday,1,2024,14,2,1,1,269900.0,262632.85714285716
2024-01-20,289900.0,1,289900.0,183900.0,1,5,Saturday,1,2024,20,3,1,1,280000.0,265201.4285714286
2024-01-22,197910.0,1,197910.0,21990.0,1,0,Monday,1,2024,22,4,0,1,289900.0,263915.71428571426
2024-01-23,289900.0,1,289900.0,0.0,0,1,Tuesday,1,2024,23,4,0,1,197910.0,266772.85714285716
2024-01-25,687610.0,2,343805.0,36190.0,1,3,Thursday,1,2024,25,4,0,1,289900.0,326445.71428571426
2024-01-26,552420.0,2,276210.0,61380.0,2,4,Friday,1,2024,26,4,0,1,687610.0,366805.71428571426
2024-01-31,683310.0,3,227770.0,21990.0,1,2,Wednesday,1,2024,31,5,0,1,552420.0,425864.28571428574
2024-02-08,363510.0,1,363510.0,0.0,0,3,Thursday,2,2024,8,6,0,1,683310.0,437794.28571428574
2024-02-09,343710.0,1,343710.0,38190.0,1,4,Friday,2,2024,9,6,0,1,363510.0,445481.4285714286
2024-02-12,487620.0,2,243810.0,54180.0,2,0,Monday,2,2024,12,7,0,1,343710.0,486868.5714285714
2024-02-13,1303030.0,3,434343.3333333333,112570.0,2,1,Tuesday,2,2024,13,7,0,1,487620.0,631601.4285714285
2024-02-14,735828.6,3,245276.19999999998,99960.0,1,2,Wednesday,2,2024,14,7,0,1,1303030.0,638489.7999999999
2024-02-19,343710.0,1,343710.0,38190.0,1,0,Monday,2,2024,19,8,0,1,735828.6,608674.0857142856
2024-02-21,325710.0,1,325710.0,36190.0,1,2,Wednesday,2,2024,21,8,0,1,343710.0,557588.3714285714
2024-02-22,363510.0,1,363510.0,40390.0,1,3,Thursday,2,2024,22,8,0,1,325710.0,557588.3714285714
2024-02-23,325710.0,1,325710.0,36190.0,1,4,Friday,2,2024,23,8,0,1,363510.0,555016.9428571429
2024-02-25,487620.0,1,487620.0,54180.0,1,6,Sunday,2,2024,25,8,1,1,325710.0,555016.9428571429
2024-02-27,855320.0,2,427660.0,76380.0,1,1,Tuesday,2,2024,27,9,0,1,487620.0,491058.37142857147
2024-02-28,1198380.0,2,599190.0,219120.0,2,2,Wednesday,2,2024,28,9,0,1,855320.0,557137.1428571428
2024-03-01,361900.0,1,361900.0,0.0,0,4,Friday,3,2024,1,9,0,1,1198380.0,559735.7142857143
2024-03-02,260910.0,1,260910.0,28990.0,1,5,Saturday,3,2024,2,9,1,1,361900.0,550478.5714285715
2024-03-07,671800.0,2,335900.0,0.0,0,3,Thursday,3,2024,7,10,0,1,260910.0,594520.0
2024-03-08,1753970.0,4,438492.5,82530.0,1,4,Friday,3,2024,8,10,0,1,671800.0,798557.1428571428
2024-03-09,490010.0,2,245005.0,25790.0,1,5,Saturday,3,2024,9,10,1,1,1753970.0,798898.5714285715
2024-03-10,607600.0,2,303800.0,0.0,0,6,Sunday,3,2024,10,10,1,1,490010.0,763510.0
2024-03-12,289900.0,1,289900.0,0.0,0,1,Tuesday,3,2024,12,11,0,1,607600.0,633727.1428571428
2024-03-17,154800.0,1,154800.0,0.0,0,6,Sunday,3,2024,17,11,1,1,289900.0,604141.4285714285
2024-03-18,289900.0,1,289900.0,0.0,0,0,Monday,3,2024,18,12,0,1,154800.0,608282.8571428572
2024-03-20,361900.0,1,361900.0,0.0,0,2,Wednesday,3,2024,20,12,0,1,289900.0,564011.4285714285
2024-03-21,646200.0,3,215400.0,0.0,0,3,Thursday,3,2024,21,12,0,1,361900.0,405758.5714285714
2024-03-28,150000.0,1,150000.0,0.0,0,3,Thursday,3,2024,28,13,0,1,646200.0,357185.71428571426
2024-04-01,651420.0,1,651420.0,72380.0,1,0,Monday,4,2024,1,14,0,2,150000.0,363445.71428571426
2024-04-02,853710.0,3,284570.0,28990.0,1,1,Tuesday,4,2024,2,14,0,2,651420.0,443990.0
2024-04-04,459600.0,3,153200.0,0.0,0,3,Thursday,4,2024,4,14,0,2,853710.0,487532.85714285716
2024-04-05,154800.0,1,154800.0,0.0,0,4,Friday,4,2024,5,14,0,2,459600.0,468232.85714285716
2024-04-06,259800.0,2,129900.0,0.0,0,5,Saturday,4,2024,6,14,1,2,154800.0,453647.14285714284
2024-04-07,1164100.0,8,145512.5,0.0,0,6,Sunday,4,2024,7,14,1,2,259800.0,527632.8571428572
2024-04-08,374700.0,3,124900.0,0.0,0,0,Monday,4,2024,8,15,0,2,1164100.0,559732.8571428572
2024-04-10,289800.0,2,144900.0,0.0,0,2,Wednesday,4,2024,10,15,0,2,374700.0,508072.85714285716
2024-04-11,1983620.0,9,220402.22222222222,2780.0,1,3,Thursday,4,2024,11,15,0,2,289800.0,669488.5714285715
2024-04-12,139900.0,1,139900.0,0.0,0,4,Friday,4,2024,12,15,0,2,1983620.0,623817.1428571428
2024-04-13,619600.0,3,206533.33333333334,0.0,0,5,Saturday,4,2024,13,15,1,2,139900.0,690217.1428571428
2024-04-14,1031300.0,4,257825.0,0.0,0,6,Sunday,4,2024,14,15,1,2,619600.0,800431.4285714285
2024-04-15,1748900.0,4,437225.0,0.0,0,0,Monday,4,2024,15,16,0,2,1031300.0,883974.2857142857
2024-04-16,549600.0,3,183200.0,0.0,0,1,Tuesday,4,2024,16,16,0,2,1748900.0,908960.0
2024-04-17,374700.0,1,374700.0,0.0,0,2,Wednesday,4,2024,17,16,0,2,549600.0,921088.5714285715
2024-04-18,442600.0,2,221300.0,0.0,0,3,Thursday,4,2024,18,16,0,2,374700.0,700942.8571428572
2024-04-19,379900.0,1,379900.0,0.0,0,4,Friday,4,2024,19,16,0,2,442600.0,735228.5714285715
2024-04-20,139900.0,1,139900.0,0.0,0,5,Saturday,4,2024,20,16,1,2,379900.0,666700.0
2024-04-21,442900.0,3,147633.33333333334,0.0,0,6,Sunday,4,2024,21,16,1,2,139900.0,582642.8571428572
2024-04-22,292600.0,2,146300.0,0.0,0,0,Monday,4,2024,22,17,0,2,442900.0,374600.0
2024-04-23,139900.0,1,139900.0,0.0,0,1,Tuesday,4,2024,23,17,0,2,292600.0,316071.4285714286
2024-04-25,754500.0,2,377250.0,0.0,0,3,Thursday,4,2024,25,17,0,2,139900.0,370328.5714285714
2024-04-26,292600.0,2,146300.0,0.0,0,4,Friday,4,2024,26,17,0,2,754500.0,348900.0
2024-04-27,432500.0,3,144166.66666666666,0.0,0,5,Saturday,4,2024,27,17,1,2,292600.0,356414.28571428574
2024-04-29,775980.0,4,193995.0,0.0,0,0,Monday,4,2024,29,18,0,2,432500.0,447282.85714285716
2024-04-30,404700.0,2,202350.0,0.0,0,1,Tuesday,4,2024,30,18,0,2,775980.0,441825.71428571426
2024-05-01,1014900.0,7,144985.7142857143,0.0,0,2,Wednesday,5,2024,1,18,0,2,404700.0,545011.4285714285
2024-05-02,701500.0,4,175375.0,0.0,0,3,Thursday,5,2024,2,18,0,2,1014900.0,625240.0
2024-05-03,894300.0,3,298100.0,0.0,0,4,Friday,5,2024,3,18,0,2,701500.0,645211.4285714285
2024-05-04,1239100.0,5,247820.0,0.0,0,5,Saturday,5,2024,4,18,1,2,894300.0,780425.7142857143
2024-05-05,1030200.0,5,206040.0,0.0,0,6,Sunday,5,2024,5,18,1,2,1239100.0,865811.4285714285
2024-05-06,597500.0,3,199166.66666666666,0.0,0,0,Monday,5,2024,6,19,0,2,1030200.0,840314.2857142857
2024-05-07,582110.0,2,291055.0,47890.0,1,1,Tuesday,5,2024,7,19,0,2,597500.0,865658.5714285715
2024-05-08,279800.0,2,139900.0,0.0,0,2,Wednesday,5,2024,8,19,0,2,582110.0,760644.2857142857
2024-05-10,399700.0,2,199850.0,0.0,0,4,Friday,5,2024,10,19,0,2,279800.0,717530.0
2024-05-11,499600.0,2,249800.0,0.0,0,5,Saturday,5,2024,11,19,1,2,399700.0,661144.2857142857
2024-05-12,289900.0,1,289900.0,0.0,0,6,Sunday,5,2024,12,19,1,2,499600.0,525544.2857142857
2024-05-13,139900.0,1,139900.0,0.0,0,0,Monday,5,2024,13,20,0,2,289900.0,398358.5714285714
2024-05-16,852000.0,4,213000.0,0.0,0,3,Thursday,5,2024,16,20,0,2,139900.0,434715.71428571426
2024-05-17,289900.0,1,289900.0,0.0,0,4,Friday,5,2024,17,20,0,2,852000.0,392971.4285714286
2024-05-18,414600.0,2,207300.0,0.0,0,5,Saturday,5,2024,18,20,1,2,289900.0,412228.5714285714
2024-05-19,1151300.0,5,230260.0,0.0,0,6,Sunday,5,2024,19,20,1,2,414600.0,519600.0
2024-05-20,691700.0,2,345850.0,0.0,0,0,Monday,5,2024,20,21,0,2,1151300.0,547042.8571428572
2024-05-21,414740.0,2,207370.0,0.0,0,1,Tuesday,5,2024,21,21,0,2,691700.0,564877.1428571428
2024-05-22,154800.0,1,154800.0,0.0,0,2,Wednesday,5,2024,22,21,0,2,414740.0,567005.7142857143
2024-05-23,289900.0,1,289900.0,0.0,0,3,Thursday,5,2024,23,21,0,2,154800.0,486705.71428571426
2024-05-24,234900.0,1,234900.0,0.0,0,4,Friday,5,2024,24,21,0,2,289900.0,478848.5714285714
2024-05-27,374700.0,3,124900.0,0.0,0,0,Monday,5,2024,27,22,0,2,234900.0,473148.5714285714
2024-05-28,124900.0,1,124900.0,0.0,0,1,Tuesday,5,2024,28,22,0,2,374700.0,326520.0
2024-05-31,451100.0,2,225550.0,0.0,0,4,Friday,5,2024,31,22,0,2,124900.0,292148.5714285714
2024-06-03,289900.0,1,289900.0,0.0,0,0,Monday,6,2024,3,23,0,2,451100.0,274314.28571428574
2024-06-05,1456100.0,7,208014.2857142857,0.0,0,2,Wednesday,6,2024,5,23,0,2,289900.0,460214.28571428574
2024-06-06,3193850.0,19,168097.36842105264,125950.0,1,3,Thursday,6,2024,6,23,0,2,1456100.0,875064.2857142857
2024-06-07,1384000.0,8,173000.0,0.0,0,4,Friday,6,2024,7,23,0,2,3193850.0,1039221.4285714285
2024-06-08,1946400.0,12,162200.0,0.0,0,5,Saturday,6,2024,8,23,1,2,1384000.0,1263750.0
2024-06-09,1069300.0,4,267325.0,0.0,0,6,Sunday,6,2024,9,23,1,2,1946400.0,1398664.2857142857
2024-06-10,872200.0,6,145366.66666666666,0.0,0,0,Monday,6,2024,10,24,0,2,1069300.0,1458821.4285714286
2024-06-11,1099200.0,7,157028.57142857142,0.0,0,1,Tuesday,6,2024,11,24,0,2,872200.0,1574435.7142857143
2024-06-12,1288080.0,8,161010.0,0.0,0,2,Wednesday,6,2024,12,24,0,2,1099200.0,1550432.857142857
2024-06-13,972100.0,6,162016.66666666666,0.0,0,3,Thursday,6,2024,13,24,0,2,1288080.0,1233040.0
2024-06-14,1489500.0,8,186187.5,0.0,0,4,Friday,6,2024,14,24,0,2,972100.0,1248111.4285714286
2024-06-15,1999220.0,12,166601.66666666666,0.0,0,5,Saturday,6,2024,15,24,1,2,1489500.0,1255657.142857143
2024-06-16,704700.0,2,352350.0,0.0,0,6,Sunday,6,2024,16,24,1,2,1999220.0,1203571.4285714286
2024-06-17,1733740.0,9,192637.77777777778,5560.0,1,0,Monday,6,2024,17,25,0,2,704700.0,1326648.5714285714
2024-06-18,1728700.0,8,216087.5,0.0,0,1,Tuesday,6,2024,18,25,0,2,1733740.0,1416577.142857143
2024-06-19,1629400.0,6,271566.6666666667,0.0,0,2,Wednesday,6,2024,19,25,0,2,1728700.0,1465337.142857143
2024-06-20,692300.0,4,173075.0,0.0,0,3,Thursday,6,2024,20,25,0,2,1629400.0,1425365.7142857143
2024-06-21,971500.0,5,194300.0,0.0,0,4,Friday,6,2024,21,25,0,2,692300.0,1351365.7142857143
2024-06-22,1189200.0,4,297300.0,0.0,0,5,Saturday,6,2024,22,25,1,2,971500.0,1235648.5714285714
2024-06-23,1009300.0,6,168216.66666666666,0.0,0,6,Sunday,6,2024,23,25,1,2,1189200.0,1279162.857142857
2024-06-24,1255238.0,4,313809.5,146582.0,2,0,Monday,6,2024,24,26,0,2,1009300.0,1210805.4285714286
2024-06-25,549600.0,3,183200.0,0.0,0,1,Tuesday,6,2024,25,26,0,2,1255238.0,1042362.5714285715
2024-06-26,579600.0,4,144900.0,0.0,0,2,Wednesday,6,2024,26,26,0,2,549600.0,892391.1428571428
2024-06-27,852200.0,5,170440.0,0.0,0,3,Thursday,6,2024,27,26,0,2,579600.0,915234.0
2024-06-28,669500.0,4,167375.0,0.0,0,4,Friday,6,2024,28,26,0,2,852200.0,872091.1428571428
2024-06-29,722300.0,5,144460.0,0.0,0,5,Saturday,6,2024,29,26,1,2,669500.0,805391.1428571428
2024-06-30,366610.0,2,183305.0,25190.0,1,6,Sunday,6,2024,30,26,1,2,722300.0,713578.2857142857
2024-07-02,259800.0,1,259800.0,0.0,0,1,Tuesday,7,2024,2,27,0,3,366610.0,571372.8571428572
2024-07-04,162700.0,1,162700.0,0.0,0,3,Thursday,7,2024,4,27,0,3,259800.0,516101.4285714286
2024-07-05,249800.0,1,249800.0,0.0,0,4,Friday,7,2024,5,27,0,3,162700.0,468987.14285714284
2024-07-07,139900.0,1,139900.0,0.0,0,6,Sunday,7,2024,7,27,1,3,249800.0,367230.0
2024-07-11,164900.0,1,164900.0,0.0,0,3,Thursday,7,2024,11,28,0,3,139900.0,295144.28571428574
2024-07-16,249800.0,1,249800.0,0.0,0,1,Tuesday,7,2024,16,29,0,3,164900.0,227644.2857142857
2024-07-22,289900.0,1,289900.0,0.0,0,0,Monday,7,2024,22,30,0,3,249800.0,216685.7142857143
2024-07-25,125340.0,1,125340.0,0.0,0,3,Thursday,7,2024,25,30,0,3,289900.0,197477.14285714287
2024-07-27,151080.0,1,151080.0,0.0,0,5,Saturday,7,2024,27,30,1,3,125340.0,195817.14285714287
2024-07-28,139900.0,1,139900.0,0.0,0,6,Sunday,7,2024,28,30,1,3,151080.0,180117.14285714287
2024-08-01,607218.0,2,303609.0,49142.0,1,3,Thursday,8,2024,1,31,0,3,139900.0,246876.85714285713
2024-08-04,458040.0,2,229020.0,0.0,0,6,Sunday,8,2024,4,31,1,3,607218.0,288754.0
2024-08-06,462540.0,2,231270.0,0.0,0,1,Tuesday,8,2024,6,32,0,3,458040.0,319145.4285714286
2024-08-14,164900.0,1,164900.0,0.0,0,2,Wednesday,8,2024,14,33,0,3,462540.0,301288.28571428574
2024-08-15,289900.0,1,289900.0,0.0,0,3,Thursday,8,2024,15,33,0,3,164900.0,324796.85714285716
2024-08-18,251900.0,1,251900.0,0.0,0,6,Sunday,8,2024,18,33,1,3,289900.0,339199.71428571426
2024-08-19,124900.0,1,124900.0,0.0,0,0,Monday,8,2024,19,34,0,3,251900.0,337056.85714285716
2024-08-21,289900.0,1,289900.0,0.0,0,2,Wednesday,8,2024,21,34,0,3,124900.0,291725.71428571426
2024-08-24,164900.0,1,164900.0,0.0,0,5,Saturday,8,2024,24,34,1,3,289900.0,249848.57142857142
2024-08-25,286020.0,1,286020.0,31780.0,1,6,Sunday,8,2024,25,34,1,3,164900.0,224631.42857142858
2024-08-26,615610.0,2,307805.0,36190.0,1,0,Monday,8,2024,26,35,0,3,286020.0,289018.5714285714
2024-08-27,260910.0,1,260910.0,28990.0,1,1,Tuesday,8,2024,27,35,0,3,615610.0,284877.14285714284
2024-08-31,179900.0,1,179900.0,0.0,0,5,Saturday,8,2024,31,35,1,3,260910.0,274591.4285714286
2024-09-02,289900.0,1,289900.0,0.0,0,0,Monday,9,2024,2,36,0,3,179900.0,298162.85714285716
2024-09-03,389700.0,2,194850.0,0.0,0,1,Tuesday,9,2024,3,36,0,3,289900.0,312420.0
2024-09-05,869700.0,3,289900.0,0.0,0,3,Thursday,9,2024,5,36,0,3,389700.0,413105.71428571426
2024-09-06,1223520.0,4,305880.0,0.0,0,4,Friday,9,2024,6,36,0,3,869700.0,547034.2857142857
2024-09-08,144900.0,1,144900.0,0.0,0,6,Sunday,9,2024,8,36,1,3,1223520.0,479790.0
2024-09-12,683820.0,2,341910.0,0.0,0,3,Thursday,9,2024,12,37,0,3,144900.0,540205.7142857143
2024-09-13,289900.0,1,289900.0,0.0,0,4,Friday,9,2024,13,37,0,3,683820.0,555920.0
2024-09-17,289900.0,1,289900.0,0.0,0,1,Tuesday,9,2024,17,38,0,3,289900.0,555920.0
2024-09-18,201520.0,1,201520.0,0.0,0,2,Wednesday,9,2024,18,38,0,3,289900.0,529037.1428571428
2024-09-19,289900.0,1,289900.0,0.0,0,3,Thursday,9,2024,19,38,0,3,201520.0,446208.5714285714
2024-09-21,613810.0,2,306905.0,35990.0,1,5,Saturday,9,2024,21,38,1,3,289900.0,359107.14285714284
2024-09-22,124900.0,1,124900.0,0.0,0,6,Sunday,9,2024,22,38,1,3,613810.0,356250.0
2024-09-23,289900.0,1,289900.0,0.0,0,0,Monday,9,2024,23,39,0,3,124900.0,299975.71428571426
2024-09-24,289900.0,1,289900.0,0.0,0,1,Tuesday,9,2024,24,39,0,3,289900.0,299975.71428571426
2024-09-26,289900.0,1,289900.0,0.0,0,3,Thursday,9,2024,26,39,0,3,289900.0,299975.71428571426
2024-09-28,579800.0,2,289900.0,0.0,0,5,Saturday,9,2024,28,39,1,3,289900.0,354015.71428571426
2024-09-29,134900.0,1,134900.0,0.0,0,6,Sunday,9,2024,29,39,1,3,579800.0,331872.85714285716
2024-10-07,303920.0,1,303920.0,0.0,0,0,Monday,10,2024,7,41,0,4,134900.0,287602.85714285716
2024-10-09,869700.0,2,434850.0,0.0,0,2,Wednesday,10,2024,9,41,0,4,303920.0,394002.85714285716
2024-10-10,162700.0,1,162700.0,0.0,0,3,Thursday,10,2024,10,41,0,4,869700.0,375831.4285714286
2024-10-11,811320.0,1,811320.0,0.0,0,4,Friday,10,2024,11,41,0,4,162700.0,450320.0
2024-10-18,201520.0,1,201520.0,0.0,0,4,Friday,10,2024,18,42,0,4,811320.0,437694.28571428574
2024-10-24,201520.0,1,201520.0,0.0,0,3,Thursday,10,2024,24,43,0,4,201520.0,383654.28571428574
2024-10-27,579800.0,1,579800.0,0.0,0,6,Sunday,10,2024,27,43,1,4,201520.0,447211.4285714286
2024-11-03,579800.0,1,579800.0,0.0,0,6,Sunday,11,2024,3,44,1,4,579800.0,486622.85714285716
2024-11-04,539800.0,1,539800.0,0.0,0,0,Monday,11,2024,4,45,0,4,579800.0,439494.28571428574
2024-11-06,259900.0,1,259900.0,0.0,0,2,Wednesday,11,2024,6,45,0,4,539800.0,453380.0
2024-11-11,539800.0,1,539800.0,0.0,0,0,Monday,11,2024,11,46,0,4,259900.0,414591.4285714286
2024-11-17,249900.0,1,249900.0,0.0,0,6,Sunday,11,2024,17,46,1,4,539800.0,421502.85714285716
2024-11-20,161940.0,1,161940.0,0.0,0,2,Wednesday,11,2024,20,47,0,4,249900.0,415848.5714285714
2024-11-29,652275.0,1,652275.0,217425.0,1,4,Friday,11,2024,29,48,0,4,161940.0,426202.14285714284
2024-12-06,799700.0,2,399850.0,0.0,0,4,Friday,12,2024,6,49,0,4,652275.0,457616.4285714286
2024-12-10,899700.0,2,449850.0,0.0,0,1,Tuesday,12,2024,10,50,0,4,799700.0,509030.71428571426
2024-12-11,1157500.0,3,385833.3333333333,0.0,0,2,Wednesday,12,2024,11,50,0,4,899700.0,637259.2857142857
2024-12-18,277800.0,1,277800.0,0.0,0,2,Wednesday,12,2024,18,51,0,4,1157500.0,599830.7142857143
2024-12-19,749700.0,2,374850.0,0.0,0,3,Thursday,12,2024,19,51,0,4,277800.0,671230.7142857143
2024-12-26,249900.0,1,249900.0,0.0,0,3,Thursday,12,2024,26,52,0,4,749700.0,683796.4285714285
2024-12-27,152800.0,1,152800.0,0.0,0,4,Friday,12,2024,27,52,0,4,249900.0,612442.8571428572
2025-01-06,289900.0,1,289900.0,0.0,0,0,Monday,1,2025,6,2,0,1,152800.0,539614.2857142857
2025-01-07,289900.0,1,289900.0,0.0,0,1,Tuesday,1,2025,7,2,0,1,289900.0,452500.0
2025-01-08,496220.0,1,496220.0,0.0,0,2,Wednesday,1,2025,8,2,0,1,289900.0,358031.4285714286
2025-01-09,201520.0,1,201520.0,0.0,0,3,Thursday,1,2025,9,2,0,1,496220.0,347134.28571428574
2025-01-20,139900.0,1,139900.0,0.0,0,0,Monday,1,2025,20,4,0,1,201520.0,260020.0
2025-01-21,164940.0,1,164940.0,0.0,0,1,Tuesday,1,2025,21,4,0,1,139900.0,247882.85714285713
2025-01-22,359900.0,1,359900.0,0.0,0,2,Wednesday,1,2025,22,4,0,1,164940.0,277468.5714285714
2025-01-24,249900.0,1,249900.0,0.0,0,4,Friday,1,2025,24,4,0,1,359900.0,271754.28571428574
2025-01-25,289900.0,1,289900.0,0.0,0,5,Saturday,1,2025,25,4,1,1,249900.0,271754.28571428574
2025-01-29,159800.0,1,159800.0,0.0,0,2,Wednesday,1,2025,29,5,0,1,289900.0,223694.2857142857
2025-02-01,443820.0,2,221910.0,0.0,0,5,Saturday,2,2025,1,5,1,1,159800.0,258308.57142857142
2025-02-04,289900.0,1,289900.0,0.0,0,1,Tuesday,2,2025,4,6,0,1,443820.0,279737.14285714284
2025-02-14,227940.0,1,227940.0,0.0,0,4,Friday,2,2025,14,7,0,1,289900.0,288737.14285714284
2025-02-15,624700.0,2,312350.0,0.0,0,5,Saturday,2,2025,15,7,1,1,227940.0,326565.71428571426
2025-02-26,289900.0,1,289900.0,0.0,0,2,Wednesday,2,2025,26,9,0,1,624700.0,332280.0
2025-03-12,289900.0,1,289900.0,0.0,0,2,Wednesday,3,2025,12,11,0,1,289900.0,332280.0
2025-03-15,227940.0,1,227940.0,0.0,0,5,Saturday,3,2025,15,11,1,1,289900.0,342014.28571428574
2025-03-17,227940.0,1,227940.0,0.0,0,0,Monday,3,2025,17,12,0,1,227940.0,311174.28571428574
2025-03-18,357320.0,2,178660.0,0.0,0,1,Tuesday,3,2025,18,12,0,1,227940.0,320805.71428571426
2025-03-22,289900.0,1,289900.0,0.0,0,5,Saturday,3,2025,22,12,1,1,357320.0,329657.14285714284
2025-03-25,227940.0,1,227940.0,0.0,0,1,Tuesday,3,2025,25,13,0,1,289900.0,272977.14285714284
2025-03-27,152800.0,1,152800.0,0.0,0,3,Thursday,3,2025,27,13,0,1,227940.0,253391.42857142858
2025-03-31,255840.0,1,255840.0,0.0,0,0,Monday,3,2025,31,14,0,1,152800.0,248525.7142857143
2025-04-04,449820.0,1,449820.0,0.0,0,4,Friday,4,2025,4,14,0,2,255840.0,280222.85714285716
2025-04-05,206320.0,1,206320.0,0.0,0,5,Saturday,4,2025,5,14,1,2,449820.0,277134.28571428574
2025-04-09,729600.0,3,243200.0,0.0,0,2,Wednesday,4,2025,9,15,0,2,206320.0,330317.14285714284
2025-04-10,249800.0,1,249800.0,0.0,0,3,Thursday,4,2025,10,15,0,2,729600.0,324588.5714285714
2025-04-13,453740.0,2,226870.0,0.0,0,6,Sunday,4,2025,13,15,1,2,249800.0,356845.71428571426
2025-04-17,807740.0,2,403870.0,0.0,0,3,Thursday,4,2025,17,16,0,2,453740.0,450408.5714285714
2025-04-18,455880.0,1,455880.0,0.0,0,4,Friday,4,2025,18,16,0,2,807740.0,478985.71428571426
2025-04-20,539700.0,1,539700.0,0.0,0,6,Sunday,4,2025,20,16,1,2,455880.0,491825.71428571426
2025-04-21,249800.0,1,249800.0,0.0,0,0,Monday,4,2025,21,17,0,2,539700.0,498037.14285714284
2025-04-23,829600.0,1,829600.0,0.0,0,2,Wednesday,4,2025,23,17,0,2,249800.0,512322.85714285716
2025-04-24,227940.0,1,227940.0,0.0,0,3,Thursday,4,2025,24,17,0,2,829600.0,509200.0
2025-04-26,289900.0,1,289900.0,0.0,0,5,Saturday,4,2025,26,17,1,2,227940.0,485794.28571428574
2025-04-27,199900.0,1,199900.0,0.0,0,6,Sunday,4,2025,27,17,1,2,289900.0,398960.0
2025-05-01,313420.0,1,313420.0,0.0,0,3,Thursday,5,2025,1,18,0,2,199900.0,378608.5714285714
2025-05-03,299880.0,1,299880.0,0.0,0,5,Saturday,5,2025,3,18,1,2,313420.0,344348.5714285714
2025-05-04,269900.0,1,269900.0,0.0,0,6,Sunday,5,2025,4,18,1,2,299880.0,347220.0
2025-05-05,149900.0,1,149900.0,0.0,0,0,Monday,5,2025,5,19,0,2,269900.0,250120.0
2025-05-08,1397460.0,6,232910.0,0.0,0,3,Thursday,5,2025,8,19,0,2,149900.0,417194.28571428574
2025-05-10,289900.0,1,289900.0,0.0,0,5,Saturday,5,2025,10,19,1,2,1397460.0,417194.28571428574
2025-05-11,469700.0,2,234850.0,0.0,0,6,Sunday,5,2025,11,19,1,2,289900.0,455737.14285714284
2025-05-13,137310.0,1,137310.0,13590.0,1,1,Tuesday,5,2025,13,20,0,2,469700.0,430578.5714285714
2025-05-16,259900.0,1,259900.0,0.0,0,4,Friday,5,2025,16,20,0,2,137310.0,424867.14285714284
2025-05-17,289900.0,1,289900.0,0.0,0,5,Saturday,5,2025,17,20,1,2,259900.0,427724.28571428574
2025-05-18,546930.0,1,546930.0,60770.0,1,6,Sunday,5,2025,18,20,1,2,289900.0,484442.85714285716
2025-05-19,455880.0,2,227940.0,0.0,0,0,Monday,5,2025,19,21,0,2,546930.0,349931.4285714286
2025-05-20,455880.0,2,227940.0,0.0,0,1,Tuesday,5,2025,20,21,0,2,455880.0,373642.85714285716
2025-05-22,206320.0,1,206320.0,0.0,0,3,Thursday,5,2025,22,21,0,2,455880.0,336017.14285714284
2025-05-23,289900.0,1,289900.0,0.0,0,4,Friday,5,2025,23,21,0,2,206320.0,357815.71428571426
2025-05-24,199920.0,1,199920.0,0.0,0,5,Saturday,5,2025,24,21,1,2,289900.0,349247.14285714284
2025-05-26,289800.0,2,144900.0,0.0,0,0,Monday,5,2025,26,22,0,2,199920.0,349232.85714285716
2025-05-27,434260.0,1,434260.0,0.0,0,1,Tuesday,5,2025,27,22,0,2,289800.0,333137.14285714284
2025-05-28,289900.0,1,289900.0,0.0,0,2,Wednesday,5,2025,28,22,0,2,434260.0,309425.71428571426
2025-06-01,149900.0,1,149900.0,0.0,0,6,Sunday,6,2025,1,22,1,2,289900.0,265714.28571428574
2025-06-02,485820.0,1,485820.0,53980.0,1,0,Monday,6,2025,2,23,0,2,149900.0,305642.85714285716
2025-06-03,127410.0,1,127410.0,12490.0,1,1,Tuesday,6,2025,3,23,0,2,485820.0,282430.0
2025-06-04,485820.0,1,485820.0,53980.0,1,2,Wednesday,6,2025,4,23,0,2,127410.0,323272.85714285716
2025-06-06,227940.0,1,227940.0,0.0,0,4,Friday,6,2025,6,23,0,2,485820.0,314435.71428571426
2025-06-07,389700.0,2,194850.0,0.0,0,5,Saturday,6,2025,7,23,1,2,227940.0,308070.0
2025-06-08,551850.0,2,275925.0,35990.0,1,6,Sunday,6,2025,8,23,1,2,389700.0,345491.4285714286
2025-06-09,224820.0,1,224820.0,24980.0,1,0,Monday,6,2025,9,24,0,2,551850.0,356194.28571428574
2025-06-10,379900.0,1,379900.0,0.0,0,1,Tuesday,6,2025,10,24,0,2,224820.0,341062.85714285716
2025-06-11,745780.0,3,248593.33333333334,0.0,0,2,Wednesday,6,2025,11,24,0,2,379900.0,429401.4285714286
2025-06-13,575302.0,2,287651.0,48378.0,1,4,Friday,6,2025,13,24,0,2,745780.0,442184.5714285714
2025-06-15,289900.0,1,289900.0,0.0,0,6,Sunday,6,2025,15,24,1,2,575302.0,451036.0
2025-06-16,144900.0,1,144900.0,0.0,0,0,Monday,6,2025,16,25,0,2,289900.0,416064.5714285714
2025-06-19,144900.0,1,144900.0,0.0,0,3,Thursday,6,2025,19,25,0,2,144900.0,357928.85714285716
2025-06-20,454600.0,3,151533.33333333334,0.0,0,4,Friday,6,2025,20,25,0,2,144900.0,390754.5714285714
2025-06-21,459946.0,2,229973.0,22794.0,1,5,Saturday,6,2025,21,25,1,2,454600.0,402189.71428571426
2025-06-23,139900.0,1,139900.0,0.0,0,0,Monday,6,2025,23,26,0,2,459946.0,315635.4285714286
2025-06-25,364350.0,2,182175.0,13490.0,1,2,Wednesday,6,2025,25,26,0,2,139900.0,285499.4285714286
2025-06-26,367840.0,2,183920.0,0.0,0,3,Thursday,6,2025,26,26,0,2,364350.0,296633.71428571426
2025-06-27,249900.0,1,249900.0,0.0,0,4,Friday,6,2025,27,26,0,2,367840.0,311633.71428571426
2025-06-28,684500.0,2,342250.0,0.0,0,5,Saturday,6,2025,28,26,1,2,249900.0,388719.4285714286
2025-06-29,644600.0,2,322300.0,0.0,0,6,Sunday,6,2025,29,26,1,2,684500.0,415862.28571428574
2025-06-30,309700.0,2,154850.0,0.0,0,0,Monday,6,2025,30,27,0,2,644600.0,394398.5714285714
2025-07-01,939500.0,2,469750.0,0.0,0,1,Tuesday,7,2025,1,27,0,3,309700.0,508627.14285714284
2025-07-02,136410.0,1,136410.0,13490.0,1,2,Wednesday,7,2025,2,27,0,3,939500.0,476064.28571428574
2025-07-05,429700.0,3,143233.33333333334,0.0,0,5,Saturday,7,2025,5,27,1,3,136410.0,484901.4285714286
2025-07-06,463810.0,2,231905.0,35990.0,1,6,Sunday,7,2025,6,27,1,3,429700.0,515460.0
2025-07-07,289900.0,1,289900.0,0.0,0,0,Monday,7,2025,7,28,0,3,463810.0,459088.5714285714
2025-07-08,774600.0,2,387300.0,0.0,0,1,Tuesday,7,2025,8,28,0,3,289900.0,477660.0
2025-07-09,289900.0,1,289900.0,0.0,0,2,Wednesday,7,2025,9,28,0,3,774600.0,474831.4285714286
2025-07-10,378720.0,2,189360.0,25980.0,1,3,Thursday,7,2025,10,28,0,3,289900.0,394720.0
2025-07-11,139900.0,1,139900.0,0.0,0,4,Friday,7,2025,11,28,0,3,378720.0,395218.5714285714
2025-07-12,787540.0,5,157508.0,0.0,0,5,Saturday,7,2025,12,28,1,3,139900.0,446338.5714285714
2025-07-13,323910.0,1,323910.0,35990.0,1,6,Sunday,7,2025,13,28,1,3,787540.0,426352.85714285716
2025-07-16,149900.0,1,149900.0,0.0,0,2,Wednesday,7,2025,16,29,0,3,323910.0,406352.85714285716
2025-07-17,399700.0,2,199850.0,0.0,0,3,Thursday,7,2025,17,29,0,3,149900.0,352795.71428571426
2025-07-18,483020.0,3,161006.66666666666,22580.0,1,4,Friday,7,2025,18,29,0,3,399700.0,380384.28571428574
2025-07-19,499800.0,2,249900.0,0.0,0,5,Saturday,7,2025,19,29,1,3,483020.0,397681.4285714286
2025-07-21,760520.0,4,190130.0,0.0,0,0,Monday,7,2025,21,30,0,3,499800.0,486341.4285714286
2025-07-22,149900.0,1,149900.0,0.0,0,1,Tuesday,7,2025,22,30,0,3,760520.0,395250.0
2025-07-24,399700.0,2,199850.0,0.0,0,3,Thursday,7,2025,24,30,0,3,149900.0,406077.14285714284
2025-07-25,149900.0,1,149900.0,0.0,0,4,Friday,7,2025,25,30,0,3,399700.0,406077.14285714284
2025-07-26,149900.0,1,149900.0,0.0,0,5,Saturday,7,2025,26,30,1,3,149900.0,370391.4285714286
2025-07-28,249900.0,1,249900.0,0.0,0,0,Monday,7,2025,28,31,0,3,149900.0,337088.5714285714
2025-07-29,949300.0,4,237325.0,0.0,0,1,Tuesday,7,2025,29,31,0,3,249900.0,401302.85714285716
2025-07-30,149900.0,1,149900.0,0.0,0,2,Wednesday,7,2025,30,31,0,3,949300.0,314071.4285714286
2025-07-31,139900.0,1,139900.0,0.0,0,3,Thursday,7,2025,31,31,0,3,149900.0,312642.85714285716
2025-08-01,488620.0,2,244310.0,25980.0,1,4,Friday,8,2025,1,31,0,3,139900.0,325345.71428571426
2025-08-03,429800.0,2,214900.0,0.0,0,6,Sunday,8,2025,3,31,1,3,488620.0,365331.4285714286
2025-08-05,455880.0,1,455880.0,0.0,0,1,Tuesday,8,2025,5,32,0,3,429800.0,409042.85714285716
2025-08-07,289900.0,1,289900.0,0.0,0,3,Thursday,8,2025,7,32,0,3,455880.0,414757.14285714284
2025-08-08,377700.0,1,377700.0,0.0,0,4,Friday,8,2025,8,32,0,3,289900.0,333100.0
2025-08-09,227940.0,1,227940.0,0.0,0,5,Saturday,8,2025,9,32,1,3,377700.0,344248.5714285714
2025-08-12,259800.0,1,259800.0,0.0,0,1,Tuesday,8,2025,12,33,0,3,227940.0,361377.14285714284
2025-08-13,434800.0,2,217400.0,0.0,0,2,Wednesday,8,2025,13,33,0,3,259800.0,353688.5714285714
2025-08-14,144900.0,1,144900.0,0.0,0,3,Thursday,8,2025,14,33,0,3,434800.0,312988.5714285714
2025-08-15,1015310.0,5,203062.0,28990.0,1,4,Friday,8,2025,15,33,0,3,144900.0,392907.14285714284
2025-08-16,360700.0,2,180350.0,0.0,0,5,Saturday,8,2025,16,33,1,3,1015310.0,403021.4285714286
2025-08-17,414800.0,1,414800.0,0.0,0,6,Sunday,8,2025,17,33,1,3,360700.0,408321.4285714286
2025-08-18,399700.0,2,199850.0,0.0,0,0,Monday,8,2025,18,34,0,3,414800.0,432858.5714285714
2025-08-20,139900.0,1,139900.0,0.0,0,2,Wednesday,8,2025,20,34,0,3,399700.0,415730.0
2025-08-21,889300.0,4,222325.0,0.0,0,3,Thursday,8,2025,21,34,0,3,139900.0,480658.5714285714
2025-08-22,488850.0,2,244425.0,28990.0,1,4,Friday,8,2025,22,34,0,3,889300.0,529794.2857142857
2025-08-23,952200.0,5,190440.0,0.0,0,5,Saturday,8,2025,23,34,1,3,488850.0,520778.5714285714
2025-08-24,300710.0,2,150355.0,3990.0,1,6,Sunday,8,2025,24,34,1,3,952200.0,512208.5714285714
2025-08-25,1234000.0,7,176285.7142857143,0.0,0,0,Monday,8,2025,25,35,0,3,300710.0,629237.1428571428
2025-08-26,1353900.0,6,225650.0,0.0,0,1,Tuesday,8,2025,26,35,0,3,1234000.0,765551.4285714285
2025-08-27,1383900.0,7,197700.0,0.0,0,2,Wednesday,8,2025,27,35,0,3,1353900.0,943265.7142857143
2025-08-28,1139200.0,6,189866.66666666666,0.0,0,3,Thursday,8,2025,28,35,0,3,1383900.0,978965.7142857143
2025-08-29,1449360.0,6,241560.0,57980.0,2,4,Friday,8,2025,29,35,0,3,1139200.0,1116181.4285714286
2025-08-30,1304100.0,3,434700.0,0.0,0,5,Saturday,8,2025,30,35,1,3,1449360.0,1166452.857142857
2025-08-31,1670260.0,5,334052.0,84460.0,2,6,Sunday,8,2025,31,35,1,3,1304100.0,1362102.857142857
2025-09-01,279800.0,2,139900.0,0.0,0,0,Monday,9,2025,1,36,0,3,1670260.0,1225788.5714285714
2025-09-02,179800.0,1,179800.0,0.0,0,1,Tuesday,9,2025,2,36,0,3,279800.0,1058060.0
2025-09-04,419700.0,3,139900.0,0.0,0,3,Thursday,9,2025,4,36,0,3,179800.0,920317.1428571428
2025-09-05,657680.0,3,219226.66666666666,0.0,0,4,Friday,9,2025,5,36,0,3,419700.0,851528.5714285715
2025-09-06,506610.0,2,253305.0,12990.0,1,5,Saturday,9,2025,6,36,1,3,657680.0,716850.0
2025-09-07,389700.0,2,194850.0,0.0,0,6,Sunday,9,2025,7,36,1,3,506610.0,586221.4285714285
2025-09-08,284800.0,2,142400.0,0.0,0,0,Monday,9,2025,8,37,0,3,389700.0,388298.5714285714
2025-09-09,704650.0,3,234883.33333333334,35990.0,1,1,Tuesday,9,2025,9,37,0,3,284800.0,448991.4285714286
2025-09-10,509700.0,2,254850.0,0.0,0,2,Wednesday,9,2025,10,37,0,3,704650.0,496120.0
2025-09-11,764400.0,3,254800.0,0.0,0,3,Thursday,9,2025,11,37,0,3,509700.0,545362.8571428572
2025-09-12,139900.0,1,139900.0,0.0,0,4,Friday,9,2025,12,37,0,3,764400.0,471394.28571428574
2025-09-13,249800.0,1,249800.0,0.0,0,5,Saturday,9,2025,13,37,1,3,139900.0,434707.14285714284
2025-09-14,350046.0,2,175023.0,22794.0,1,6,Sunday,9,2025,14,37,1,3,249800.0,429042.28571428574
2025-09-15,827540.0,3,275846.6666666667,0.0,0,0,Monday,9,2025,15,38,0,3,350046.0,506576.5714285714
2025-09-16,502610.0,2,251305.0,24990.0,1,1,Tuesday,9,2025,16,38,0,3,827540.0,477713.71428571426
2025-09-18,139900.0,1,139900.0,0.0,0,3,Thursday,9,2025,18,38,0,3,502610.0,424885.14285714284
2025-09-22,539700.0,2,269850.0,0.0,0,0,Monday,9,2025,22,39,0,3,139900.0,392785.14285714284
2025-09-23,249800.0,1,249800.0,0.0,0,1,Tuesday,9,2025,23,39,0,3,539700.0,408485.14285714284
2025-09-24,869700.0,1,869700.0,0.0,0,2,Wednesday,9,2025,24,39,0,3,249800.0,497042.28571428574
2025-09-25,139900.0,1,139900.0,0.0,0,3,Thursday,9,2025,25,39,0,3,869700.0,467021.4285714286
2025-09-26,289900.0,1,289900.0,0.0,0,4,Friday,9,2025,26,39,0,3,139900.0,390215.71428571426
2025-09-27,227940.0,1,227940.0,0.0,0,5,Saturday,9,2025,27,39,1,3,289900.0,350977.14285714284
2025-09-28,254800.0,1,254800.0,0.0,0,6,Sunday,9,2025,28,39,1,3,227940.0,367391.4285714286
2025-09-29,260910.0,1,260910.0,28990.0,1,0,Monday,9,2025,29,40,0,3,254800.0,327564.28571428574
2025-10-01,157800.0,1,157800.0,0.0,0,2,Wednesday,10,2025,1,40,0,4,260910.0,314421.4285714286
2025-10-03,746730.0,1,746730.0,82970.0,1,4,Friday,10,2025,3,40,0,4,157800.0,296854.28571428574
2025-10-04,149900.0,1,149900.0,0.0,0,5,Saturday,10,2025,4,40,1,4,746730.0,298282.85714285716
2025-10-05,249900.0,1,249900.0,0.0,0,6,Sunday,10,2025,5,40,1,4,149900.0,292568.5714285714
2025-10-07,139900.0,1,139900.0,0.0,0,1,Tuesday,10,2025,7,41,0,4,249900.0,279991.4285714286
2025-10-09,639500.0,2,319750.0,0.0,0,3,Thursday,10,2025,9,41,0,4,139900.0,334948.5714285714
2025-10-15,499600.0,1,499600.0,0.0,0,2,Wednesday,10,2025,15,42,0,4,639500.0,369047.14285714284
2025-10-16,807740.0,2,403870.0,0.0,0,3,Thursday,10,2025,16,42,0,4,499600.0,461895.71428571426
2025-10-17,139900.0,1,139900.0,0.0,0,4,Friday,10,2025,17,42,0,4,807740.0,375205.71428571426
2025-10-18,1021420.0,2,510710.0,57980.0,1,5,Saturday,10,2025,18,42,1,4,139900.0,499708.5714285714
2025-10-22,624500.0,1,624500.0,0.0,0,2,Wednesday,10,2025,22,43,0,4,1021420.0,553222.8571428572
2025-10-23,429800.0,2,214900.0,0.0,0,3,Thursday,10,2025,23,43,0,4,624500.0,594637.1428571428
2025-10-24,298120.0,2,149060.0,17580.0,2,4,Friday,10,2025,24,43,0,4,429800.0,545868.5714285715
2025-10-25,289900.0,1,289900.0,0.0,0,5,Saturday,10,2025,25,43,1,4,298120.0,515911.4285714286
2025-10-29,855580.0,3,285193.3333333333,0.0,0,2,Wednesday,10,2025,29,44,0,4,289900.0,522745.71428571426
2025-10-31,539800.0,1,539800.0,0.0,0,4,Friday,10,2025,31,44,0,4,855580.0,579874.2857142857
2025-11-02,294710.0,2,147355.0,12990.0,1,6,Sunday,11,2025,2,44,1,4,539800.0,476058.5714285714
2025-11-03,264800.0,1,264800.0,0.0,0,0,Monday,11,2025,3,45,0,4,294710.0,424672.85714285716
2025-11-05,104900.0,1,104900.0,0.0,0,2,Wednesday,11,2025,5,45,0,4,264800.0,378258.5714285714
2025-11-06,137310.0,1,137310.0,13590.0,1,3,Thursday,11,2025,6,45,0,4,104900.0,355285.71428571426
2025-11-08,254800.0,1,254800.0,0.0,0,5,Saturday,11,2025,8,45,1,4,137310.0,350271.4285714286
2025-11-25,1014200.0,4,253550.0,0.0,0,1,Tuesday,11,2025,25,48,0,4,254800.0,372931.4285714286
2025-11-26,249800.0,1,249800.0,0.0,0,2,Wednesday,11,2025,26,48,0,4,1014200.0,331502.85714285716
2025-11-29,259800.0,2,129900.0,0.0,0,5,Saturday,11,2025,29,48,1,4,249800.0,326515.71428571426
2025-12-01,379700.0,2,189850.0,0.0,0,0,Monday,12,2025,1,49,0,4,259800.0,342930.0
2025-12-02,289900.0,1,289900.0,0.0,0,1,Tuesday,12,2025,2,49,0,4,379700.0,369358.5714285714
2025-12-03,374700.0,1,374700.0,0.0,0,2,Wednesday,12,2025,3,49,0,4,289900.0,403271.4285714286
2025-12-04,124900.0,1,124900.0,0.0,0,3,Thursday,12,2025,4,49,0,4,374700.0,384714.28571428574
2025-12-06,144900.0,1,144900.0,0.0,0,5,Saturday,12,2025,6,49,1,4,124900.0,260528.57142857142
2025-12-08,139900.0,1,139900.0,0.0,0,0,Monday,12,2025,8,50,0,4,144900.0,244828.57142857142
2025-12-10,289900.0,1,289900.0,0.0,0,2,Wednesday,12,2025,10,50,0,4,139900.0,249128.57142857142
2025-12-11,139900.0,1,139900.0,0.0,0,3,Thursday,12,2025,11,50,0,4,289900.0,214871.42857142858
2025-12-14,379700.0,1,379700.0,0.0,0,6,Sunday,12,2025,14,50,1,4,139900.0,227700.0
2025-12-15,144900.0,1,144900.0,0.0,0,0,Monday,12,2025,15,51,0,4,379700.0,194871.42857142858
2025-12-17,144900.0,1,144900.0,0.0,0,2,Wednesday,12,2025,17,51,0,4,144900.0,197728.57142857142
2025-12-19,284800.0,2,142400.0,0.0,0,4,Friday,12,2025,19,51,0,4,144900.0,217714.2857142857
2025-12-20,254800.0,1,254800.0,0.0,0,5,Saturday,12,2025,20,51,1,4,284800.0,234128.57142857142
2025-12-21,144900.0,1,144900.0,0.0,0,6,Sunday,12,2025,21,51,1,4,254800.0,213414.2857142857
2025-12-22,1511800.0,5,302360.0,0.0,0,0,Monday,12,2025,22,52,0,4,144900.0,409400.0
2025-12-25,139900.0,1,139900.0,0.0,0,3,Thursday,12,2025,25,52,0,4,1511800.0,375142.85714285716
2026-01-09,259800.0,1,259800.0,0.0,0,4,Friday,1,2026,9,2,0,1,139900.0,391557.14285714284
2026-01-11,144900.0,1,144900.0,0.0,0,6,Sunday,1,2026,11,2,1,1,259800.0,391557.14285714284
2026-01-12,279800.0,2,139900.0,0.0,0,0,Monday,1,2026,12,3,0,1,144900.0,390842.85714285716
2026-01-23,249800.0,1,249800.0,0.0,0,4,Friday,1,2026,23,4,0,1,279800.0,390128.5714285714
2026-01-24,429800.0,2,214900.0,0.0,0,5,Saturday,1,2026,24,4,1,1,249800.0,430828.5714285714
2026-01-26,259800.0,1,259800.0,0.0,0,0,Monday,1,2026,26,5,0,1,429800.0,251971.42857142858
2026-01-27,139900.0,1,139900.0,0.0,0,1,Tuesday,1,2026,27,5,0,1,259800.0,251971.42857142858
2026-01-28,442150.0,3,147383.33333333334,33350.0,1,2,Wednesday,1,2026,28,5,0,1,139900.0,278021.4285714286
2026-01-29,1047340.0,6,174556.66666666666,0.0,0,3,Thursday,1,2026,29,5,0,1,442150.0,406941.4285714286
2026-01-30,978626.0,4,244656.5,36014.0,1,4,Friday,1,2026,30,5,0,1,1047340.0,506773.71428571426
2026-01-31,804400.0,4,201100.0,0.0,0,5,Saturday,1,2026,31,5,1,1,978626.0,586002.2857142857
2026-02-01,1349000.0,8,168625.0,0.0,0,6,Sunday,2,2026,1,5,1,1,804400.0,717316.5714285715
2026-02-02,2119510.0,9,235501.11111111112,28990.0,1,0,Monday,2,2026,2,6,0,1,1349000.0,982989.4285714285
2026-02-04,394700.0,1,394700.0,0.0,0,2,Wednesday,2,2026,4,6,0,1,2119510.0,1019389.4285714285
2026-02-05,279800.0,1,279800.0,0.0,0,3,Thursday,2,2026,5,6,0,1,394700.0,996196.5714285715
2026-02-06,289900.0,1,289900.0,0.0,0,4,Friday,2,2026,6,6,0,1,279800.0,887990.8571428572
2026-02-09,154900.0,1,154900.0,0.0,0,0,Monday,2,2026,9,7,0,1,289900.0,770315.7142857143
2026-02-10,154900.0,1,154900.0,0.0,0,1,Tuesday,2,2026,10,7,0,1,154900.0,677530.0
2026-02-11,154900.0,1,154900.0,0.0,0,2,Wednesday,2,2026,11,7,0,1,154900.0,506944.28571428574
2026-02-14,569600.0,2,284800.0,0.0,0,5,Saturday,2,2026,14,7,1,1,154900.0,285528.5714285714
2026-02-16,1009300.0,5,201860.0,0.0,0,0,Monday,2,2026,16,8,0,1,569600.0,373328.5714285714
2026-02-17,329900.0,1,329900.0,0.0,0,1,Tuesday,2,2026,17,8,0,1,1009300.0,380485.71428571426
2026-02-18,1274100.0,6,212350.0,0.0,0,2,Wednesday,2,2026,18,8,0,1,329900.0,521085.71428571426
2026-02-19,851420.0,5,170284.0,27980.0,2,3,Thursday,2,2026,19,8,0,1,1274100.0,620588.5714285715
