fecha,pedidos,ventas_brutas,descuentos,devoluciones,ventas_netas,envio,impuestos,ventas_totales,dia_semana,nombre_dia,mes,anio,dia_mes,semana_anio,es_fin_semana,trimestre,ventas_dia_anterior,ventas_promedio_7d,ventas_promedio_30d,pedidos_promedio_7d
2024-01-01,0,0.0,0.0,0.0,0.0,0,0.0,0.0,0,Monday,1,2024,1,1,0,1,254925.0,172436.0,112477.0,0.71
2024-01-02,1,339900.0,67980.0,0.0,271920.0,0,0.0,271920.0,1,Tuesday,1,2024,2,1,0,1,0.0,157731.0,121541.0,0.71
2024-01-03,0,0.0,0.0,0.0,0.0,0,0.0,0.0,2,Wednesday,1,2024,3,1,0,1,271920.0,157731.0,121541.0,0.71
2024-01-04,1,229900.0,22990.0,0.0,206910.0,0,0.0,206910.0,3,Thursday,1,2024,4,1,0,1,0.0,187290.0,128438.0,0.86
2024-01-05,0,0.0,0.0,0.0,0.0,0,0.0,0.0,4,Friday,1,2024,5,1,0,1,206910.0,129454.0,128438.0,0.57
2024-01-06,0,0.0,0.0,0.0,0.0,0,0.0,0.0,5,Saturday,1,2024,6,1,1,1,0.0,104822.0,128438.0,0.43
2024-01-07,1,269900.0,0.0,0.0,269900.0,0,0.0,269900.0,6,Sunday,1,2024,7,1,1,1,0.0,106961.0,137435.0,0.43
2024-01-08,0,0.0,0.0,0.0,0.0,0,0.0,0.0,0,Monday,1,2024,8,2,0,1,269900.0,106961.0,137435.0,0.43
2024-01-09,1,499900.0,230000.0,0.0,269900.0,0,0.0,269900.0,1,Tuesday,1,2024,9,2,0,1,0.0,106673.0,120941.0,0.43
2024-01-10,2,999800.0,460000.0,0.0,539800.0,0,0.0,539800.0,2,Wednesday,1,2024,10,2,0,1,269900.0,183787.0,138935.0,0.71
2024-01-11,0,0.0,0.0,0.0,0.0,0,0.0,0.0,3,Thursday,1,2024,11,2,0,1,539800.0,154229.0,125440.0,0.57
2024-01-12,1,499900.0,230000.0,0.0,269900.0,0,0.0,269900.0,4,Friday,1,2024,12,2,0,1,0.0,192786.0,121941.0,0.71
2024-01-13,1,499900.0,230000.0,0.0,269900.0,0,0.0,269900.0,5,Saturday,1,2024,13,2,1,1,269900.0,231343.0,130938.0,0.86
2024-01-14,1,280000.0,0.0,0.0,280000.0,0,0.0,280000.0,6,Sunday,1,2024,14,2,1,1,269900.0,232786.0,128007.0,0.86
2024-01-15,1,499900.0,230000.0,0.0,269900.0,0,0.0,269900.0,0,Monday,1,2024,15,3,0,1,280000.0,271343.0,137004.0,1.0
2024-01-16,0,0.0,0.0,0.0,0.0,0,0.0,0.0,1,Tuesday,1,2024,16,3,0,1,269900.0,232786.0,137004.0,0.86
2024-01-17,0,0.0,0.0,0.0,0.0,0,0.0,0.0,2,Wednesday,1,2024,17,3,0,1,0.0,155671.0,137004.0,0.57
2024-01-18,0,0.0,0.0,0.0,0.0,0,0.0,0.0,3,Thursday,1,2024,18,3,0,1,0.0,155671.0,137004.0,0.57
2024-01-19,0,0.0,0.0,0.0,0.0,0,0.0,0.0,4,Friday,1,2024,19,3,0,1,0.0,117114.0,128506.0,0.43
2024-01-20,1,473800.0,183900.0,0.0,289900.0,0,0.0,289900.0,5,Saturday,1,2024,20,3,1,1,0.0,119971.0,138169.0,0.43
2024-01-21,0,0.0,0.0,0.0,0.0,0,0.0,0.0,6,Sunday,1,2024,21,3,1,1,289900.0,79971.0,138169.0,0.29
2024-01-22,3,1311500.0,389790.0,0.0,921710.0,0,0.0,921710.0,0,Monday,1,2024,22,4,0,1,0.0,173087.0,168893.0,0.57
2024-01-23,1,289900.0,0.0,0.0,289900.0,0,0.0,289900.0,1,Tuesday,1,2024,23,4,0,1,921710.0,214501.0,178556.0,0.71
2024-01-24,0,0.0,0.0,0.0,0.0,0,0.0,0.0,2,Wednesday,1,2024,24,4,0,1,289900.0,214501.0,178556.0,0.71
2024-01-25,2,723800.0,36190.0,0.0,687610.0,0,0.0,687610.0,3,Thursday,1,2024,25,4,0,1,0.0,312731.0,188982.0,1.0
2024-01-26,3,903700.0,90370.0,0.0,813330.0,0,0.0,813330.0,4,Friday,1,2024,26,4,0,1,687610.0,428921.0,216093.0,1.43
2024-01-27,0,0.0,0.0,0.0,0.0,0,0.0,0.0,5,Saturday,1,2024,27,4,1,1,813330.0,387507.0,216093.0,1.29
2024-01-28,0,0.0,0.0,0.0,0.0,0,0.0,0.0,6,Sunday,1,2024,28,4,1,1,0.0,387507.0,202598.0,1.29
2024-01-29,0,0.0,0.0,0.0,0.0,0,0.0,0.0,0,Monday,1,2024,29,5,0,1,0.0,255834.0,196850.0,0.86
2024-01-30,1,289900.0,0.0,0.0,289900.0,0,0.0,289900.0,1,Tuesday,1,2024,30,5,0,1,0.0,255834.0,198016.0,0.86
2024-01-31,3,705300.0,21990.0,0.0,683310.0,0,0.0,683310.0,2,Wednesday,1,2024,31,5,0,1,289900.0,353450.0,220793.0,1.29
2024-02-01,0,0.0,0.0,0.0,0.0,0,0.0,0.0,3,Thursday,2,2024,1,5,0,1,683310.0,255220.0,211729.0,1.0
2024-02-02,0,0.0,0.0,0.0,0.0,0,0.0,0.0,4,Friday,2,2024,2,5,0,1,0.0,139030.0,211729.0,0.57
2024-02-03,0,0.0,0.0,0.0,0.0,0,0.0,0.0,5,Saturday,2,2024,3,5,1,1,0.0,139030.0,204832.0,0.57
2024-02-04,0,0.0,0.0,0.0,0.0,0,0.0,0.0,6,Sunday,2,2024,4,5,1,1,0.0,139030.0,204832.0,0.57
2024-02-05,0,0.0,0.0,0.0,0.0,0,0.0,0.0,0,Monday,2,2024,5,6,0,1,0.0,139030.0,204832.0,0.57
2024-02-06,0,0.0,0.0,0.0,0.0,0,0.0,0.0,1,Tuesday,2,2024,6,6,0,1,0.0,97616.0,195835.0,0.43
2024-02-07,0,0.0,0.0,0.0,0.0,0,0.0,0.0,2,Wednesday,2,2024,7,6,0,1,0.0,0.0,195835.0,0.0
2024-02-08,1,363510.0,0.0,0.0,363510.0,0,0.0,363510.0,3,Thursday,2,2024,8,6,0,1,0.0,51930.0,198956.0,0.14
2024-02-09,1,381900.0,38190.0,0.0,343710.0,0,0.0,343710.0,4,Friday,2,2024,9,6,0,1,363510.0,101031.0,192419.0,0.29
2024-02-10,0,0.0,0.0,0.0,0.0,0,0.0,0.0,5,Saturday,2,2024,10,6,1,1,343710.0,101031.0,192419.0,0.29
2024-02-11,1,361900.0,0.0,0.0,361900.0,0,0.0,361900.0,6,Sunday,2,2024,11,6,1,1,0.0,152731.0,195486.0,0.43
2024-02-12,2,541800.0,54180.0,0.0,487620.0,0,0.0,487620.0,0,Monday,2,2024,12,7,0,1,361900.0,222391.0,202743.0,0.71
2024-02-13,3,1415600.0,112570.0,0.0,1303030.0,0,0.0,1303030.0,1,Tuesday,2,2024,13,7,0,1,487620.0,408539.0,236844.0,1.14
2024-02-14,3,807300.0,99960.0,0.0,707340.0,0,28488.6,735828.6,2,Wednesday,2,2024,14,7,0,1,1303030.0,513657.0,252375.0,1.57
2024-02-15,0,0.0,0.0,0.0,0.0,0,0.0,0.0,3,Thursday,2,2024,15,7,0,1,735828.6,461727.0,252375.0,1.43
2024-02-16,0,0.0,0.0,0.0,0.0,0,0.0,0.0,4,Friday,2,2024,16,7,0,1,0.0,412626.0,252375.0,1.29
2024-02-17,0,0.0,0.0,0.0,0.0,0,0.0,0.0,5,Saturday,2,2024,17,7,1,1,0.0,412626.0,252375.0,1.29
2024-02-18,0,0.0,0.0,0.0,0.0,0,0.0,0.0,6,Sunday,2,2024,18,7,1,1,0.0,360926.0,252375.0,1.14
2024-02-19,1,381900.0,38190.0,0.0,343710.0,0,0.0,343710.0,0,Monday,2,2024,19,8,0,1,0.0,340367.0,254169.0,1.0
2024-02-20,0,0.0,0.0,0.0,0.0,0,0.0,0.0,1,Tuesday,2,2024,20,8,0,1,343710.0,154220.0,254169.0,0.57
2024-02-21,1,361900.0,36190.0,0.0,325710.0,0,0.0,325710.0,2,Wednesday,2,2024,21,8,0,1,0.0,95631.0,234302.0,0.29
2024-02-22,1,403900.0,40390.0,0.0,363510.0,0,0.0,363510.0,3,Thursday,2,2024,22,8,0,1,325710.0,147561.0,236756.0,0.43
2024-02-23,1,361900.0,36190.0,0.0,325710.0,0,0.0,325710.0,4,Friday,2,2024,23,8,0,1,363510.0,194091.0,247613.0,0.57
2024-02-24,0,0.0,0.0,0.0,0.0,0,0.0,0.0,5,Saturday,2,2024,24,8,1,1,325710.0,194091.0,224693.0,0.57
2024-02-25,1,541800.0,54180.0,0.0,487620.0,0,0.0,487620.0,6,Sunday,2,2024,25,8,1,1,0.0,263751.0,213836.0,0.71
2024-02-26,0,0.0,0.0,0.0,0.0,0,0.0,0.0,0,Monday,2,2024,26,9,0,1,487620.0,214650.0,213836.0,0.57
2024-02-27,2,931700.0,76380.0,0.0,855320.0,0,0.0,855320.0,1,Tuesday,2,2024,27,9,0,1,0.0,336839.0,242346.0,0.86
2024-02-28,3,1437263.0,208743.09,0.0,1228519.91,0,149680.09,1378200.0,2,Wednesday,2,2024,28,9,0,1,855320.0,487194.0,288286.0,1.14
2024-02-29,0,0.0,0.0,0.0,0.0,0,0.0,0.0,3,Thursday,2,2024,29,9,0,1,1378200.0,435264.0,278623.0,1.0
2024-03-01,2,667400.0,30550.0,0.0,636850.0,0,0.0,636850.0,4,Friday,3,2024,1,9,0,1,0.0,479713.0,277074.0,1.14
2024-03-02,1,289900.0,28990.0,0.0,260910.0,0,0.0,260910.0,5,Saturday,3,2024,2,9,1,1,636850.0,516986.0,285771.0,1.29
2024-03-03,0,0.0,0.0,0.0,0.0,0,0.0,0.0,6,Sunday,3,2024,3,9,1,1,260910.0,447326.0,285771.0,1.14
2024-03-04,0,0.0,0.0,0.0,0.0,0,0.0,0.0,0,Monday,3,2024,4,10,0,1,0.0,447326.0,285771.0,1.14
2024-03-05,0,0.0,0.0,0.0,0.0,0,0.0,0.0,1,Tuesday,3,2024,5,10,0,1,0.0,325137.0,285771.0,0.86
2024-03-06,0,0.0,0.0,0.0,0.0,0,0.0,0.0,2,Wednesday,3,2024,6,10,0,1,0.0,128251.0,285771.0,0.43
2024-03-07,2,671800.0,0.0,0.0,671800.0,0,0.0,671800.0,3,Thursday,3,2024,7,10,0,1,0.0,224223.0,308165.0,0.71
2024-03-08,5,2096400.0,82530.0,0.0,2013870.0,0,0.0,2013870.0,4,Friday,3,2024,8,10,0,1,671800.0,420940.0,375294.0,1.14
2024-03-09,2,433445.37,21672.26,0.0,411773.11,0,78236.89,490010.0,5,Saturday,3,2024,9,10,1,1,2013870.0,453669.0,379510.0,1.29
2024-03-10,3,897500.0,0.0,0.0,897500.0,0,0.0,897500.0,6,Sunday,3,2024,10,10,1,1,490010.0,581883.0,397970.0,1.71
2024-03-11,0,0.0,0.0,0.0,0.0,0,0.0,0.0,0,Monday,3,2024,11,11,0,1,897500.0,581883.0,397970.0,1.71
2024-03-12,1,289900.0,0.0,1366470.0,-1076570.0,0,0.0,-1076570.0,1,Tuesday,3,2024,12,11,0,1,0.0,428087.0,350021.0,1.86
2024-03-13,0,0.0,0.0,0.0,0.0,0,0.0,0.0,2,Wednesday,3,2024,13,11,0,1,-1076570.0,428087.0,333767.0,1.86
2024-03-14,0,0.0,0.0,0.0,0.0,0,0.0,0.0,3,Thursday,3,2024,14,11,0,1,0.0,332116.0,290333.0,1.57
2024-03-15,0,0.0,0.0,0.0,0.0,0,0.0,0.0,4,Friday,3,2024,15,11,0,1,0.0,44420.0,265805.0,0.86
2024-03-16,0,0.0,0.0,0.0,0.0,0,0.0,0.0,5,Saturday,3,2024,16,11,1,1,0.0,-25581.0,265805.0,0.57
2024-03-17,1,130084.03,0.0,0.0,130084.03,0,24715.97,154800.0,6,Sunday,3,2024,17,11,1,1,0.0,-131681.0,270965.0,0.29
2024-03-18,2,849126.9,0.0,0.0,849126.9,0,92573.1,941700.0,0,Monday,3,2024,18,12,0,1,154800.0,2847.0,302355.0,0.57
2024-03-19,0,0.0,0.0,0.0,0.0,0,0.0,0.0,1,Tuesday,3,2024,19,12,0,1,941700.0,156643.0,302355.0,0.43
2024-03-20,1,361900.0,0.0,0.0,361900.0,0,0.0,361900.0,2,Wednesday,3,2024,20,12,0,1,0.0,208343.0,302961.0,0.57
2024-03-21,3,646200.0,0.0,0.0,646200.0,0,0.0,646200.0,3,Thursday,3,2024,21,12,0,1,361900.0,300657.0,324501.0,1.0
2024-03-22,1,305500.0,0.0,0.0,305500.0,0,0.0,305500.0,4,Friday,3,2024,22,12,0,1,646200.0,344300.0,323828.0,1.14
2024-03-23,0,0.0,0.0,0.0,0.0,0,0.0,0.0,5,Saturday,3,2024,23,12,1,1,305500.0,344300.0,311711.0,1.14
2024-03-24,1,130084.03,0.0,0.0,130084.03,0,24715.97,154800.0,6,Sunday,3,2024,24,12,1,1,0.0,344300.0,306014.0,1.14
2024-03-25,0,0.0,0.0,0.0,0.0,0,0.0,0.0,0,Monday,3,2024,25,13,0,1,154800.0,209771.0,306014.0,0.86
2024-03-26,1,305500.0,0.0,0.0,305500.0,0,0.0,305500.0,1,Tuesday,3,2024,26,13,0,1,0.0,253414.0,299943.0,1.0
2024-03-27,0,0.0,0.0,0.0,0.0,0,0.0,0.0,2,Wednesday,3,2024,27,13,0,1,305500.0,201714.0,299943.0,0.86
2024-03-28,5,957900.84,28990.0,0.0,928910.84,0,71839.16,1000750.0,3,Thursday,3,2024,28,13,0,1,0.0,252364.0,304791.0,1.14
2024-03-29,2,377950.42,0.0,0.0,377950.42,0,23949.58,401900.0,4,Friday,3,2024,29,13,0,1,1000750.0,266136.0,272247.0,1.29
2024-03-30,0,0.0,0.0,0.0,0.0,0,0.0,0.0,5,Saturday,3,2024,30,13,1,1,401900.0,266136.0,272247.0,1.29
2024-03-31,1,130084.03,0.0,0.0,130084.03,0,24715.97,154800.0,6,Sunday,3,2024,31,13,1,1,0.0,266136.0,256179.0,1.29
2024-04-01,2,849850.42,72380.0,0.0,777470.42,0,23949.58,801420.0,0,Monday,4,2024,1,14,0,2,154800.0,380624.0,274196.0,1.57
2024-04-02,4,1032640.0,28990.0,0.0,1003650.0,0,0.0,1003650.0,1,Tuesday,4,2024,2,14,0,2,801420.0,480360.0,307651.0,2.0
2024-04-03,4,862250.42,0.0,0.0,862250.42,0,23949.58,886200.0,2,Wednesday,4,2024,3,14,0,2,1003650.0,606960.0,337191.0,2.57
2024-04-04,4,561700.84,0.0,0.0,561700.84,0,47899.16,609600.0,3,Thursday,4,2024,4,14,0,2,886200.0,551081.0,357511.0,2.43
2024-04-05,4,564968.06,0.0,0.0,564968.06,0,49431.94,614400.0,4,Friday,4,2024,5,14,0,2,609600.0,581439.0,377991.0,2.71
2024-04-06,18,2112251.23,0.0,0.0,2112251.23,0,185848.77,2298100.0,5,Saturday,4,2024,6,14,1,2,614400.0,909739.0,432201.0,5.29
2024-04-07,31,3996283.14,10495.79,524789.9,3460997.45,0,203812.55,3664810.0,6,Sunday,4,2024,7,14,1,2,2298100.0,1411169.0,487232.0,9.57
2024-04-08,10,1338293.26,0.0,0.0,1338293.26,0,101306.74,1439600.0,0,Monday,4,2024,8,15,0,2,3664810.0,1502337.0,518885.0,10.71
2024-04-09,8,1162461.34,0.0,0.0,1162461.34,15000,21538.66,1199000.0,1,Tuesday,4,2024,9,15,0,2,1439600.0,1530244.0,528935.0,11.29
2024-04-10,10,1455838.64,0.0,124900.0,1330938.64,105000,82961.36,1518900.0,2,Wednesday,4,2024,10,15,0,2,1199000.0,1620630.0,579565.0,12.14
2024-04-11,21,4182202.51,76240.0,0.0,4105962.51,240000,242497.49,4588460.0,3,Thursday,4,2024,11,15,0,2,1518900.0,2189039.0,768400.0,14.57
2024-04-12,11,1417493.27,0.0,0.0,1417493.27,150000,101306.73,1668800.0,4,Friday,4,2024,12,15,0,2,4588460.0,2339667.0,824026.0,15.57
2024-04-13,10,1602777.3,0.0,0.0,1602777.3,90000,165922.7,1858700.0,5,Saturday,4,2024,13,15,1,2,1668800.0,2276896.0,885983.0,14.43
2024-04-14,12,2152015.95,0.0,0.0,2152015.95,105000,208984.05,2466000.0,6,Sunday,4,2024,14,15,1,2,1858700.0,2105637.0,968183.0,11.71
2024-04-15,11,2766109.24,11040.0,305500.0,2449569.24,75000,205790.76,2730360.0,0,Monday,4,2024,15,16,0,2,2466000.0,2290031.0,1059195.0,11.86
2024-04-16,10,1297861.33,0.0,0.0,1297861.33,135000,126038.67,1558900.0,1,Tuesday,4,2024,16,16,0,2,2730360.0,2341446.0,1105998.0,12.14
2024-04-17,11,1779189.91,0.0,0.0,1779189.91,120000,164310.09,2063500.0,2,Wednesday,4,2024,17,16,0,2,1558900.0,2419246.0,1143392.0,12.29
2024-04-18,16,3432609.23,0.0,0.0,3432609.23,90000,141190.77,3663800.0,3,Thursday,4,2024,18,16,0,2,2063500.0,2287151.0,1265518.0,11.57
2024-04-19,10,1699966.38,0.0,0.0,1699966.38,105000,63833.62,1868800.0,4,Friday,4,2024,19,16,0,2,3663800.0,2315723.0,1315748.0,11.43
2024-04-20,9,1581417.64,28990.0,134900.0,1417527.64,75000,145182.36,1637710.0,5,Saturday,4,2024,20,16,1,2,1868800.0,2284153.0,1348799.0,11.29
2024-04-21,13,1788425.2,0.0,0.0,1788425.2,135000,181074.8,2104500.0,6,Sunday,4,2024,21,16,1,2,1637710.0,2232510.0,1408765.0,11.43
2024-04-22,5,733708.39,0.0,134900.0,598808.39,30000,108491.61,737300.0,0,Monday,4,2024,22,17,0,2,2104500.0,1947787.0,1433342.0,10.57
2024-04-23,3,479657.98,0.0,0.0,479657.98,30000,19942.02,529600.0,1,Tuesday,4,2024,23,17,0,2,737300.0,1800744.0,1445835.0,9.57
2024-04-24,3,385152.1,0.0,0.0,385152.1,30000,49447.9,464600.0,2,Wednesday,4,2024,24,17,0,2,529600.0,1572330.0,1461322.0,8.43
2024-04-25,3,859457.98,0.0,0.0,859457.98,15000,19942.02,894400.0,3,Thursday,4,2024,25,17,0,2,464600.0,1176701.0,1480952.0,6.57
2024-04-26,6,822331.93,0.0,50336.13,771995.8,45000,70204.2,887200.0,4,Friday,4,2024,26,17,0,2,894400.0,1036473.0,1510525.0,6.0
2024-04-27,8,1271973.94,0.0,0.0,1271973.94,75000,59826.06,1406800.0,5,Saturday,4,2024,27,17,1,2,887200.0,1003486.0,1524060.0,5.86
2024-04-28,1,134900.0,0.0,0.0,134900.0,15000,0.0,149900.0,6,Sunday,4,2024,28,17,1,2,1406800.0,724257.0,1515660.0,4.14
2024-04-29,11,2290895.8,0.0,493413.45,1797482.35,105000,252297.65,2154780.0,0,Monday,4,2024,29,18,0,2,149900.0,926754.0,1587486.0,5.0
2024-04-30,4,587279.0,0.0,79900.0,507379.0,30000,62221.0,599600.0,1,Tuesday,4,2024,30,18,0,2,2154780.0,936754.0,1602313.0,5.14
2024-05-01,19,2488205.84,0.0,0.0,2488205.84,180000,244094.16,2912300.0,2,Wednesday,5,2024,1,18,0,2,599600.0,1286426.0,1672676.0,7.43
2024-05-02,14,2245984.02,0.0,517961.34,1728022.68,135000,107677.32,1970700.0,3,Thursday,5,2024,2,18,0,2,2912300.0,1440183.0,1704911.0,9.0
2024-05-03,12,2251102.52,0.0,729673.95,1521428.57,30000,287171.43,1838600.0,4,Friday,5,2024,3,18,0,2,1970700.0,1576097.0,1736657.0,9.86
2024-05-04,19,2808695.78,0.0,688303.36,2120392.42,150000,237707.58,2508100.0,5,Saturday,5,2024,4,18,1,2,1838600.0,1733426.0,1799941.0,11.43
2024-05-05,15,2183666.36,0.0,0.0,2183666.36,165000,208233.64,2556900.0,6,Sunday,5,2024,5,18,1,2,2508100.0,2077283.0,1864691.0,13.43
2024-05-06,10,1351013.43,0.0,239059.66,1111953.77,90000,130046.23,1332000.0,0,Monday,5,2024,6,19,0,2,2556900.0,1959743.0,1832487.0,13.29
2024-05-07,7,1242415.96,47890.0,0.0,1194525.96,60000,39884.04,1294410.0,1,Tuesday,5,2024,7,19,0,2,1332000.0,2059001.0,1753474.0,13.71
2024-05-08,11,1279189.9,0.0,104957.98,1174231.92,150000,79768.08,1404000.0,2,Wednesday,5,2024,8,19,0,2,1294410.0,1843530.0,1752287.0,12.57
2024-05-09,0,0.0,0.0,0.0,0.0,0,0.0,0.0,3,Thursday,5,2024,9,19,0,2,1404000.0,1562001.0,1712321.0,10.57
2024-05-10,7,967777.31,0.0,0.0,967777.31,90000,61422.69,1119200.0,4,Friday,5,2024,10,19,0,2,0.0,1459230.0,1698997.0,9.86
2024-05-11,5,1041412.6,0.0,134900.0,906512.6,15000,142787.4,1064300.0,5,Saturday,5,2024,11,19,1,2,1119200.0,1252973.0,1581525.0,7.86
2024-05-12,2,414800.0,0.0,0.0,414800.0,15000,0.0,429800.0,6,Sunday,5,2024,12,19,1,2,1064300.0,949101.0,1540225.0,6.0
2024-05-13,3,354757.98,0.0,0.0,354757.98,45000,19942.02,419700.0,0,Monday,5,2024,13,20,0,2,429800.0,818773.0,1492259.0,5.0
2024-05-14,5,934557.98,0.0,579800.0,354757.98,45000,19942.02,419700.0,1,Tuesday,5,2024,14,20,0,2,419700.0,693814.0,1424049.0,4.71
2024-05-15,0,0.0,0.0,0.0,0.0,0,0.0,0.0,2,Wednesday,5,2024,15,20,0,2,419700.0,493243.0,1333037.0,3.14
2024-05-16,6,957600.0,0.0,0.0,957600.0,45000,129200.0,1131800.0,3,Thursday,5,2024,16,20,0,2,0.0,654929.0,1318800.0,4.0
2024-05-17,3,664600.0,0.0,0.0,664600.0,15000,0.0,679600.0,4,Friday,5,2024,17,20,0,2,1131800.0,592129.0,1272670.0,3.43
2024-05-18,4,888103.36,0.0,0.0,888103.36,15000,66196.64,969300.0,5,Saturday,5,2024,18,20,1,2,679600.0,578557.0,1182853.0,3.29
2024-05-19,8,1459767.23,0.0,0.0,1459767.23,60000,161132.77,1680900.0,6,Sunday,5,2024,19,20,1,2,969300.0,757286.0,1176590.0,4.14
2024-05-20,3,780061.34,0.0,124900.0,655161.34,15000,21538.66,691700.0,0,Monday,5,2024,20,21,0,2,1680900.0,796143.0,1145056.0,4.14
2024-05-21,3,587815.97,0.0,0.0,587815.97,15000,63824.03,666640.0,1,Tuesday,5,2024,21,21,0,2,691700.0,831420.0,1097128.0,3.86
2024-05-22,2,331584.03,0.0,0.0,331584.03,0,24715.97,356300.0,2,Wednesday,5,2024,22,21,0,2,666640.0,882320.0,1084428.0,4.14
2024-05-23,1,289900.0,0.0,0.0,289900.0,0,0.0,289900.0,3,Thursday,5,2024,23,21,0,2,356300.0,762049.0,1076438.0,3.43
2024-05-24,1,197394.96,0.0,0.0,197394.96,0,37505.04,234900.0,4,Friday,5,2024,24,21,0,2,289900.0,698520.0,1068781.0,3.14
2024-05-25,2,314873.95,0.0,0.0,314873.95,0,59826.05,374700.0,5,Saturday,5,2024,25,21,1,2,234900.0,613577.0,1051458.0,2.86
2024-05-26,0,0.0,0.0,0.0,0.0,0,0.0,0.0,6,Sunday,5,2024,26,21,1,2,374700.0,373449.0,1021884.0,1.71
2024-05-27,4,516373.94,0.0,0.0,516373.94,0,59826.06,576200.0,0,Monday,5,2024,27,22,0,2,0.0,356949.0,994198.0,1.86
2024-05-28,2,209915.96,0.0,0.0,209915.96,0,39884.04,249800.0,1,Tuesday,5,2024,28,22,0,2,576200.0,297400.0,997528.0,1.71
2024-05-29,0,0.0,0.0,0.0,0.0,0,0.0,0.0,2,Wednesday,5,2024,29,22,0,2,249800.0,246500.0,925702.0,1.43
2024-05-30,0,0.0,0.0,0.0,0.0,0,0.0,0.0,3,Thursday,5,2024,30,22,0,2,0.0,205086.0,905715.0,1.29
2024-05-31,2,451100.0,0.0,0.0,451100.0,0,0.0,451100.0,4,Friday,5,2024,31,22,0,2,0.0,235971.0,823675.0,1.43
2024-06-01,0,0.0,0.0,0.0,0.0,0,0.0,0.0,5,Saturday,6,2024,1,22,1,2,451100.0,182443.0,757985.0,1.14
2024-06-02,0,0.0,0.0,0.0,0.0,0,0.0,0.0,6,Sunday,6,2024,2,22,1,2,0.0,182443.0,696698.0,1.14
2024-06-03,1,289900.0,0.0,0.0,289900.0,0,0.0,289900.0,0,Monday,6,2024,3,23,0,2,0.0,141543.0,622758.0,0.71
2024-06-04,0,0.0,0.0,0.0,0.0,0,0.0,0.0,1,Tuesday,6,2024,4,23,0,2,289900.0,105857.0,537528.0,0.43
2024-06-05,9,1679761.33,0.0,0.0,1679761.33,45000,126038.67,1850800.0,2,Wednesday,6,2024,5,23,0,2,0.0,370257.0,554822.0,1.71
2024-06-06,54,7335502.45,125950.0,379700.0,6829852.45,675000,660497.55,8165350.0,3,Thursday,6,2024,6,23,0,2,1850800.0,1536736.0,783853.0,9.43
2024-06-07,36,4881483.17,0.0,0.0,4881483.17,435000,410016.83,5726500.0,4,Friday,6,2024,7,23,0,2,8165350.0,2290364.0,927936.0,14.29
2024-06-08,42,5744579.8,0.0,0.0,5744579.8,525000,408420.2,6678000.0,5,Saturday,6,2024,8,23,1,2,5726500.0,3244364.0,1150536.0,20.29
2024-06-09,34,4714942.83,0.0,0.0,4714942.83,465000,326257.17,5506200.0,6,Sunday,6,2024,9,23,1,2,6678000.0,4030964.0,1296770.0,25.14
2024-06-10,22,2822960.47,0.0,0.0,2822960.47,285000,262439.53,3370400.0,0,Monday,6,2024,10,24,0,2,5506200.0,4471036.0,1373640.0,28.14
2024-06-11,23,3223305.86,0.0,364757.98,2858547.88,300000,224152.12,3382700.0,1,Tuesday,6,2024,11,24,0,2,3370400.0,4954279.0,1472070.0,31.43
2024-06-12,30,4088906.52,0.0,184973.95,3903932.57,330000,247287.43,4481220.0,2,Wednesday,6,2024,12,24,0,2,3382700.0,5330053.0,1607454.0,34.43
2024-06-13,24,3449994.77,0.0,764400.0,2685594.77,180000,301525.23,3167120.0,3,Thursday,6,2024,13,24,0,2,4481220.0,4616020.0,1699034.0,30.14
2024-06-14,24,3331932.76,0.0,354757.98,2977174.78,195000,301525.22,3473700.0,4,Friday,6,2024,14,24,0,2,3167120.0,4294191.0,1814824.0,28.43
2024-06-15,18,2493969.55,0.0,124900.0,2369069.55,195000,289550.45,2853620.0,5,Saturday,6,2024,15,24,1,2,3473700.0,3747851.0,1872218.0,25.0
2024-06-16,11,1783696.62,0.0,0.0,1783696.62,120000,102903.38,2006600.0,6,Sunday,6,2024,16,24,1,2,2853620.0,3247909.0,1916452.0,21.71
2024-06-17,31,4440327.71,5560.0,864357.98,3570409.73,300000,403630.27,4274040.0,0,Monday,6,2024,17,25,0,2,2006600.0,3377000.0,2026610.0,23.0
2024-06-18,27,4109560.47,0.0,363161.34,3746399.13,270000,345400.87,4361800.0,1,Tuesday,6,2024,18,25,0,2,4274040.0,3516871.0,2115973.0,23.57
2024-06-19,19,3489241.83,0.0,104957.98,3384283.85,165000,264036.15,3813320.0,2,Wednesday,6,2024,19,25,0,2,4361800.0,3421457.0,2220027.0,22.0
2024-06-20,12,1572856.3,0.0,354757.98,1218098.32,135000,103701.68,1456800.0,3,Thursday,6,2024,20,25,0,2,3813320.0,3177126.0,2246366.0,20.29
2024-06-21,16,2278831.08,0.0,134900.0,2143931.08,180000,191468.92,2515400.0,4,Friday,6,2024,21,25,0,2,1456800.0,3040226.0,2318336.0,19.14
2024-06-22,10,1798670.58,0.0,0.0,1798670.58,90000,162729.42,2051400.0,5,Saturday,6,2024,22,25,1,2,2515400.0,2925623.0,2377052.0,18.0
2024-06-23,22,2998557.96,0.0,0.0,2998557.96,285000,228942.04,3512500.0,6,Sunday,6,2024,23,25,1,2,2051400.0,3140751.0,2486306.0,19.57
2024-06-24,5,1457239.49,143287.81,374700.0,939251.68,-15000,51186.32,975438.0,0,Monday,6,2024,24,26,0,2,3512500.0,2669523.0,2506330.0,15.86
2024-06-25,11,1417021.0,0.0,0.0,1417021.0,150000,146779.0,1713800.0,1,Tuesday,6,2024,25,26,0,2,975438.0,2291237.0,2563457.0,13.57
2024-06-26,14,2044241.99,0.0,0.0,2044241.99,180000,189058.01,2413300.0,2,Wednesday,6,2024,26,26,0,2,1713800.0,2091234.0,2624694.0,12.86
2024-06-27,11,1777031.92,0.0,374700.0,1402331.92,60000,184268.08,1646600.0,3,Thursday,6,2024,27,26,0,2,2413300.0,2118348.0,2671254.0,12.71
2024-06-28,6,767252.93,0.0,249800.0,517452.93,30000,122047.07,669500.0,4,Friday,6,2024,28,26,0,2,1646600.0,1854648.0,2693570.0,11.29
2024-06-29,8,945693.26,0.0,0.0,945693.26,105000,101306.74,1152000.0,5,Saturday,6,2024,29,26,1,2,669500.0,1726163.0,2731970.0,11.0
2024-06-30,3,470219.32,25190.0,0.0,445029.32,30000,41480.68,516510.0,6,Sunday,6,2024,30,26,1,2,1152000.0,1298164.0,2734151.0,8.29
2024-07-01,0,0.0,0.0,0.0,0.0,0,0.0,0.0,0,Monday,7,2024,1,27,0,3,516510.0,1158816.0,2734151.0,7.57
2024-07-02,2,335882.36,0.0,0.0,335882.36,15000,63817.64,414700.0,1,Tuesday,7,2024,2,27,0,3,0.0,973230.0,2747974.0,6.29
2024-07-03,0,0.0,0.0,0.0,0.0,0,0.0,0.0,2,Wednesday,7,2024,3,27,0,3,414700.0,628473.0,2738311.0,4.29
2024-07-04,1,141161.34,0.0,0.0,141161.34,0,21538.66,162700.0,3,Thursday,7,2024,4,27,0,3,0.0,416487.0,2743734.0,2.86
2024-07-05,1,209915.97,0.0,0.0,209915.97,0,39884.03,249800.0,4,Friday,7,2024,5,27,0,3,162700.0,356530.0,2690367.0,2.14
2024-07-06,2,229857.98,0.0,0.0,229857.98,30000,19942.02,279800.0,5,Saturday,7,2024,6,27,1,3,249800.0,231930.0,2427516.0,1.29
2024-07-07,1,104957.98,0.0,0.0,104957.98,15000,19942.02,139900.0,6,Sunday,7,2024,7,27,1,3,279800.0,178129.0,2241296.0,1.0
2024-07-08,0,0.0,0.0,473917.65,-473917.65,-30000,-40682.35,-544600.0,0,Monday,7,2024,8,28,0,3,139900.0,100329.0,2000542.0,1.0
2024-07-09,1,322880.0,32288.0,374700.0,-84108.0,-45000,0.0,-129108.0,1,Tuesday,7,2024,9,28,0,3,-544600.0,22642.0,1812699.0,0.86
2024-07-10,0,0.0,0.0,249800.0,-249800.0,-30000,0.0,-279800.0,2,Wednesday,7,2024,10,28,0,3,-129108.0,-17330.0,1691025.0,0.86
2024-07-11,2,230924.37,0.0,334815.96,-103891.59,-15000,3991.59,-114900.0,3,Thursday,7,2024,11,28,0,3,-279800.0,-56987.0,1574439.0,1.0
2024-07-12,0,0.0,0.0,0.0,0.0,0,0.0,0.0,4,Friday,7,2024,12,28,0,3,-114900.0,-92673.0,1425065.0,0.86
2024-07-13,0,0.0,0.0,0.0,0.0,0,0.0,0.0,5,Saturday,7,2024,13,28,1,3,0.0,-132644.0,1319494.0,0.57
2024-07-14,0,0.0,0.0,0.0,0.0,0,0.0,0.0,6,Sunday,7,2024,14,28,1,3,0.0,-152630.0,1203704.0,0.43
2024-07-15,0,0.0,0.0,0.0,0.0,0,0.0,0.0,0,Monday,7,2024,15,29,0,3,0.0,-74830.0,1108583.0,0.43
2024-07-16,2,461815.97,25190.0,0.0,436625.97,0,39884.03,476510.0,1,Tuesday,7,2024,16,29,0,3,0.0,11687.0,1057580.0,0.57
2024-07-17,1,124900.0,0.0,0.0,124900.0,15000,0.0,139900.0,2,Wednesday,7,2024,17,29,0,3,476510.0,71644.0,919776.0,0.71
2024-07-18,0,0.0,0.0,1009640.0,-1009640.0,-60000,0.0,-1069640.0,3,Thursday,7,2024,18,29,0,3,139900.0,-64747.0,738728.0,0.43
2024-07-19,1,613800.0,125950.0,0.0,487850.0,0,0.0,487850.0,4,Friday,7,2024,19,29,0,3,-1069640.0,4946.0,627879.0,0.57
2024-07-20,1,251900.0,0.0,0.0,251900.0,0,0.0,251900.0,5,Saturday,7,2024,20,29,1,3,487850.0,40931.0,587715.0,0.71
2024-07-21,0,0.0,0.0,0.0,0.0,0,0.0,0.0,6,Sunday,7,2024,21,29,1,3,251900.0,40931.0,503869.0,0.71
2024-07-22,2,403261.34,0.0,0.0,403261.34,15000,21538.66,439800.0,0,Monday,7,2024,22,30,0,3,0.0,103760.0,450149.0,1.0
2024-07-23,2,513413.45,0.0,0.0,513413.45,0,46286.55,559700.0,1,Tuesday,7,2024,23,30,0,3,439800.0,115644.0,351722.0,1.0
2024-07-24,0,0.0,0.0,269800.0,-269800.0,0,0.0,-269800.0,2,Wednesday,7,2024,24,30,0,3,559700.0,57116.0,310214.0,0.86
2024-07-25,1,110340.0,0.0,0.0,110340.0,15000,0.0,125340.0,3,Thursday,7,2024,25,30,0,3,-269800.0,227827.0,257265.0,1.0
2024-07-26,0,0.0,0.0,0.0,0.0,0,0.0,0.0,4,Friday,7,2024,26,30,0,3,125340.0,158134.0,176822.0,0.86
2024-07-27,1,151080.0,0.0,0.0,151080.0,0,0.0,151080.0,5,Saturday,7,2024,27,30,1,3,0.0,143731.0,126971.0,0.86
2024-07-28,1,104957.98,0.0,0.0,104957.98,15000,19942.02,139900.0,6,Sunday,7,2024,28,30,1,3,151080.0,163717.0,109318.0,1.0
2024-07-29,0,0.0,0.0,0.0,0.0,0,0.0,0.0,0,Monday,7,2024,29,31,0,3,139900.0,100889.0,70918.0,0.71
2024-07-30,1,134900.0,0.0,0.0,134900.0,15000,0.0,149900.0,1,Tuesday,7,2024,30,31,0,3,0.0,42346.0,58698.0,0.57
2024-07-31,0,0.0,0.0,0.0,0.0,0,0.0,0.0,2,Wednesday,7,2024,31,31,0,3,149900.0,80889.0,58698.0,0.57
2024-08-01,2,617420.0,49142.0,0.0,568278.0,15000,23940.0,607218.0,3,Thursday,8,2024,1,31,0,3,0.0,149728.0,65115.0,0.71
2024-08-02,0,0.0,0.0,0.0,0.0,0,0.0,0.0,4,Friday,8,2024,2,31,0,3,607218.0,149728.0,65115.0,0.71
2024-08-03,0,0.0,0.0,0.0,0.0,0,0.0,0.0,5,Saturday,8,2024,3,31,1,3,0.0,128145.0,59692.0,0.57
2024-08-04,2,421083.03,0.0,0.0,421083.03,15000,21956.97,458040.0,6,Sunday,8,2024,4,31,1,3,0.0,173594.0,66633.0,0.71
2024-08-05,0,0.0,0.0,0.0,0.0,0,0.0,0.0,0,Monday,8,2024,5,32,0,3,458040.0,173594.0,57306.0,0.71
2024-08-06,3,683027.73,0.0,0.0,683027.73,0,69412.27,752440.0,1,Tuesday,8,2024,6,32,0,3,0.0,259671.0,77724.0,1.0
2024-08-07,0,0.0,0.0,0.0,0.0,0,0.0,0.0,2,Wednesday,8,2024,7,32,0,3,752440.0,259671.0,95878.0,1.0
2024-08-08,2,872900.0,0.0,0.0,872900.0,0,0.0,872900.0,3,Thursday,8,2024,8,32,0,3,0.0,297626.0,129278.0,1.0
2024-08-09,0,0.0,0.0,0.0,0.0,0,0.0,0.0,4,Friday,8,2024,9,32,0,3,872900.0,297626.0,138605.0,1.0
2024-08-10,1,302280.0,0.0,0.0,302280.0,0,0.0,302280.0,5,Saturday,8,2024,10,32,1,3,0.0,340809.0,152511.0,1.14
2024-08-11,0,0.0,0.0,0.0,0.0,0,0.0,0.0,6,Sunday,8,2024,11,32,1,3,302280.0,275374.0,152511.0,0.86
2024-08-12,0,0.0,0.0,872900.0,-872900.0,0,0.0,-872900.0,0,Monday,8,2024,12,33,0,3,0.0,150674.0,123414.0,0.86
2024-08-13,3,421700.0,0.0,0.0,421700.0,45000,0.0,466700.0,1,Tuesday,8,2024,13,33,0,3,-872900.0,109854.0,138971.0,0.86
2024-08-14,4,957666.39,0.0,135900.0,821766.39,0,23933.61,845700.0,2,Wednesday,8,2024,14,33,0,3,466700.0,230669.0,167161.0,1.43
2024-08-15,1,289900.0,0.0,289900.0,0.0,0,0.0,0.0,3,Thursday,8,2024,15,33,0,3,845700.0,105969.0,151277.0,1.29
2024-08-16,0,0.0,0.0,0.0,0.0,0,0.0,0.0,4,Friday,8,2024,16,33,0,3,0.0,105969.0,146614.0,1.29
2024-08-17,1,163080.0,0.0,0.0,163080.0,0,0.0,163080.0,5,Saturday,8,2024,17,33,1,3,0.0,86083.0,187704.0,1.29
2024-08-18,2,387800.0,0.0,0.0,387800.0,15000,0.0,402800.0,6,Sunday,8,2024,18,33,1,3,163080.0,143626.0,184869.0,1.57
2024-08-19,1,104957.98,0.0,0.0,104957.98,0,19942.02,124900.0,0,Monday,8,2024,19,34,0,3,402800.0,286169.0,180636.0,1.71
2024-08-20,0,0.0,0.0,135900.0,-135900.0,-15000,0.0,-150900.0,1,Tuesday,8,2024,20,34,0,3,124900.0,197940.0,175606.0,1.29
2024-08-21,1,289900.0,0.0,0.0,289900.0,0,0.0,289900.0,2,Wednesday,8,2024,21,34,0,3,-150900.0,118540.0,170609.0,0.86
2024-08-22,0,0.0,0.0,0.0,0.0,0,0.0,0.0,3,Thursday,8,2024,22,34,0,3,289900.0,118540.0,151953.0,0.71
2024-08-23,0,0.0,0.0,0.0,0.0,0,0.0,0.0,4,Friday,8,2024,23,34,0,3,0.0,118540.0,160946.0,0.71
2024-08-24,1,125966.39,0.0,0.0,125966.39,15000,23933.61,164900.0,5,Saturday,8,2024,24,34,1,3,0.0,118800.0,162265.0,0.71
2024-08-25,1,317800.0,31780.0,0.0,286020.0,0,0.0,286020.0,6,Sunday,8,2024,25,34,1,3,164900.0,102117.0,171799.0,0.57
2024-08-26,2,651800.0,36190.0,0.0,615610.0,0,0.0,615610.0,0,Monday,8,2024,26,35,0,3,286020.0,172219.0,187283.0,0.71
2024-08-27,1,289900.0,28990.0,0.0,260910.0,0,0.0,260910.0,1,Tuesday,8,2024,27,35,0,3,615610.0,231049.0,191317.0,0.86
2024-08-28,0,0.0,0.0,0.0,0.0,0,0.0,0.0,2,Wednesday,8,2024,28,35,0,3,260910.0,189634.0,191317.0,0.71
2024-08-29,0,0.0,0.0,0.0,0.0,0,0.0,0.0,3,Thursday,8,2024,29,35,0,3,0.0,189634.0,186320.0,0.71
2024-08-30,0,0.0,0.0,0.0,0.0,0,0.0,0.0,4,Friday,8,2024,30,35,0,3,0.0,189634.0,186320.0,0.71
2024-08-31,1,179900.0,0.0,0.0,179900.0,0,0.0,179900.0,5,Saturday,8,2024,31,35,1,3,0.0,191777.0,172076.0,0.71
2024-09-01,0,0.0,0.0,0.0,0.0,0,0.0,0.0,6,Sunday,9,2024,1,35,1,3,179900.0,150917.0,172076.0,0.57
2024-09-02,1,289900.0,0.0,0.0,289900.0,0,0.0,289900.0,0,Monday,9,2024,2,36,0,3,0.0,104387.0,181739.0,0.43
2024-09-03,2,314873.95,0.0,0.0,314873.95,15000,59826.05,389700.0,1,Tuesday,9,2024,3,36,0,3,289900.0,122786.0,179461.0,0.57
2024-09-04,0,0.0,0.0,0.0,0.0,0,0.0,0.0,2,Wednesday,9,2024,4,36,0,3,389700.0,122786.0,179461.0,0.57
2024-09-05,3,869700.0,0.0,0.0,869700.0,0,0.0,869700.0,3,Thursday,9,2024,5,36,0,3,0.0,247029.0,183370.0,1.0
2024-09-06,5,1478477.98,0.0,0.0,1478477.98,15000,19942.02,1513420.0,4,Friday,9,2024,6,36,0,3,869700.0,463231.0,233817.0,1.71
2024-09-07,2,651800.0,0.0,0.0,651800.0,0,0.0,651800.0,5,Saturday,9,2024,7,36,1,3,1513420.0,530646.0,226447.0,1.86
2024-09-08,2,419800.0,0.0,0.0,419800.0,15000,0.0,434800.0,6,Sunday,9,2024,8,36,1,3,651800.0,592760.0,240941.0,2.14
2024-09-09,2,579800.0,28990.0,289900.0,260910.0,0,0.0,260910.0,0,Monday,9,2024,9,37,0,3,434800.0,588619.0,239562.0,2.29
2024-09-10,0,0.0,0.0,0.0,0.0,0,0.0,0.0,1,Tuesday,9,2024,10,37,0,3,260910.0,532947.0,239562.0,2.0
2024-09-11,0,0.0,0.0,0.0,0.0,0,0.0,0.0,2,Wednesday,9,2024,11,37,0,3,0.0,532947.0,268658.0,2.0
2024-09-12,4,1659420.0,0.0,0.0,1659420.0,0,0.0,1659420.0,3,Thursday,9,2024,12,37,0,3,0.0,645764.0,308416.0,2.14
2024-09-13,1,289900.0,0.0,0.0,289900.0,0,0.0,289900.0,4,Friday,9,2024,13,37,0,3,1659420.0,470976.0,289889.0,1.57
2024-09-14,0,0.0,0.0,0.0,0.0,0,0.0,0.0,5,Saturday,9,2024,14,37,1,3,289900.0,377861.0,289889.0,1.29
2024-09-15,0,0.0,0.0,0.0,0.0,0,0.0,0.0,6,Sunday,9,2024,15,37,1,3,0.0,315747.0,289889.0,1.0
2024-09-16,0,0.0,0.0,0.0,0.0,0,0.0,0.0,0,Monday,9,2024,16,38,0,3,0.0,278474.0,284453.0,0.71
2024-09-17,2,593820.0,0.0,303920.0,289900.0,0,0.0,289900.0,1,Tuesday,9,2024,17,38,0,3,0.0,319889.0,280690.0,1.0
2024-09-18,2,581420.0,0.0,0.0,581420.0,0,0.0,581420.0,2,Wednesday,9,2024,18,38,0,3,289900.0,402949.0,295907.0,1.29
2024-09-19,2,579800.0,0.0,0.0,579800.0,0,0.0,579800.0,3,Thursday,9,2024,19,38,0,3,581420.0,248717.0,320264.0,1.0
2024-09-20,0,0.0,0.0,0.0,0.0,0,0.0,0.0,4,Friday,9,2024,20,38,0,3,579800.0,207303.0,310600.0,0.86
2024-09-21,2,649800.0,35990.0,0.0,613810.0,0,0.0,613810.0,5,Saturday,9,2024,21,38,1,3,0.0,294990.0,331061.0,1.14
2024-09-22,1,104957.98,0.0,0.0,104957.98,0,19942.02,124900.0,6,Sunday,9,2024,22,38,1,3,613810.0,312833.0,335224.0,1.29
2024-09-23,2,579800.0,0.0,0.0,579800.0,0,0.0,579800.0,0,Monday,9,2024,23,39,0,3,124900.0,395661.0,349054.0,1.57
2024-09-24,2,579800.0,0.0,0.0,579800.0,0,0.0,579800.0,1,Tuesday,9,2024,24,39,0,3,579800.0,437076.0,358847.0,1.57
2024-09-25,1,289900.0,0.0,0.0,289900.0,0,0.0,289900.0,2,Wednesday,9,2024,25,39,0,3,579800.0,395430.0,347990.0,1.43
2024-09-26,1,289900.0,0.0,0.0,289900.0,0,0.0,289900.0,3,Thursday,9,2024,26,39,0,3,289900.0,354016.0,348956.0,1.29
2024-09-27,0,0.0,0.0,0.0,0.0,0,0.0,0.0,4,Friday,9,2024,27,39,0,3,289900.0,354016.0,348956.0,1.29
2024-09-28,4,1073313.45,0.0,0.0,1073313.45,0,46286.55,1119600.0,5,Saturday,9,2024,28,39,1,3,0.0,426271.0,386276.0,1.57
2024-09-29,6,1982761.34,0.0,0.0,1982761.34,0,21538.66,2004300.0,6,Sunday,9,2024,29,39,1,3,1119600.0,694757.0,453086.0,2.29
2024-09-30,0,0.0,0.0,0.0,0.0,0,0.0,0.0,0,Monday,9,2024,30,40,0,3,2004300.0,611929.0,447089.0,2.0
2024-10-01,1,243613.45,0.0,0.0,243613.45,0,46286.55,289900.0,1,Tuesday,10,2024,1,40,0,4,0.0,570514.0,456753.0,1.86
2024-10-02,0,0.0,0.0,0.0,0.0,0,0.0,0.0,2,Wednesday,10,2024,2,40,0,4,289900.0,529100.0,447089.0,1.71
2024-10-03,0,0.0,0.0,0.0,0.0,0,0.0,0.0,3,Thursday,10,2024,3,40,0,4,0.0,487686.0,434099.0,1.57
2024-10-04,0,0.0,0.0,0.0,0.0,0,0.0,0.0,4,Friday,10,2024,4,40,0,4,0.0,487686.0,434099.0,1.57
2024-10-05,0,0.0,0.0,0.0,0.0,0,0.0,0.0,5,Saturday,10,2024,5,40,1,4,0.0,327743.0,405109.0,1.0
2024-10-06,0,0.0,0.0,0.0,0.0,0,0.0,0.0,6,Sunday,10,2024,6,40,1,4,0.0,41414.0,354662.0,0.14
2024-10-07,1,303920.0,0.0,0.0,303920.0,0,0.0,303920.0,0,Monday,10,2024,7,41,0,4,0.0,84831.0,343066.0,0.29
2024-10-08,0,0.0,0.0,0.0,0.0,0,0.0,0.0,1,Tuesday,10,2024,8,41,0,4,303920.0,43417.0,328573.0,0.14
2024-10-09,3,1789300.0,0.0,919600.0,869700.0,0,0.0,869700.0,2,Wednesday,10,2024,9,41,0,4,0.0,167660.0,348866.0,0.57
2024-10-10,1,128572.27,0.0,0.0,128572.27,15000,19127.73,162700.0,3,Thursday,10,2024,10,41,0,4,869700.0,190903.0,354289.0,0.71
2024-10-11,1,811320.0,0.0,0.0,811320.0,0,0.0,811320.0,4,Friday,10,2024,11,41,0,4,162700.0,306806.0,381333.0,0.86
2024-10-12,0,0.0,0.0,0.0,0.0,0,0.0,0.0,5,Saturday,10,2024,12,41,1,4,811320.0,306806.0,326019.0,0.86
2024-10-13,0,0.0,0.0,0.0,0.0,0,0.0,0.0,6,Sunday,10,2024,13,41,1,4,0.0,306806.0,316356.0,0.86
2024-10-14,0,0.0,0.0,0.0,0.0,0,0.0,0.0,0,Monday,10,2024,14,42,0,4,0.0,263389.0,316356.0,0.71
2024-10-15,0,0.0,0.0,0.0,0.0,0,0.0,0.0,1,Tuesday,10,2024,15,42,0,4,0.0,263389.0,316356.0,0.71
2024-10-16,0,0.0,0.0,0.0,0.0,0,0.0,0.0,2,Wednesday,10,2024,16,42,0,4,0.0,139146.0,316356.0,0.29
2024-10-17,0,0.0,0.0,0.0,0.0,0,0.0,0.0,3,Thursday,10,2024,17,42,0,4,0.0,115903.0,306692.0,0.14
2024-10-18,1,201520.0,0.0,0.0,201520.0,0,0.0,201520.0,4,Friday,10,2024,18,42,0,4,0.0,28789.0,294029.0,0.14
2024-10-19,0,0.0,0.0,0.0,0.0,0,0.0,0.0,5,Saturday,10,2024,19,42,1,4,201520.0,28789.0,274702.0,0.14
2024-10-20,0,0.0,0.0,0.0,0.0,0,0.0,0.0,6,Sunday,10,2024,20,42,1,4,0.0,28789.0,274702.0,0.14
2024-10-21,0,0.0,0.0,0.0,0.0,0,0.0,0.0,0,Monday,10,2024,21,43,0,4,0.0,28789.0,254242.0,0.14
2024-10-22,0,0.0,0.0,0.0,0.0,0,0.0,0.0,1,Tuesday,10,2024,22,43,0,4,0.0,28789.0,250079.0,0.14
2024-10-23,0,0.0,0.0,0.0,0.0,0,0.0,0.0,2,Wednesday,10,2024,23,43,0,4,0.0,28789.0,230752.0,0.14
2024-10-24,1,201520.0,0.0,0.0,201520.0,0,0.0,201520.0,3,Thursday,10,2024,24,43,0,4,0.0,57577.0,218143.0,0.29
2024-10-25,0,0.0,0.0,0.0,0.0,0,0.0,0.0,4,Friday,10,2024,25,43,0,4,201520.0,28789.0,208479.0,0.14
2024-10-26,0,0.0,0.0,0.0,0.0,0,0.0,0.0,5,Saturday,10,2024,26,43,1,4,0.0,28789.0,198816.0,0.14
2024-10-27,1,579800.0,0.0,0.0,579800.0,0,0.0,579800.0,6,Sunday,10,2024,27,43,1,4,0.0,111617.0,218143.0,0.29
2024-10-28,0,0.0,0.0,0.0,0.0,0,0.0,0.0,0,Monday,10,2024,28,44,0,4,579800.0,111617.0,180823.0,0.29
2024-10-29,0,0.0,0.0,0.0,0.0,0,0.0,0.0,1,Tuesday,10,2024,29,44,0,4,0.0,111617.0,114013.0,0.29
2024-10-30,0,0.0,0.0,0.0,0.0,0,0.0,0.0,2,Wednesday,10,2024,30,44,0,4,0.0,111617.0,114013.0,0.29
2024-10-31,0,0.0,0.0,0.0,0.0,0,0.0,0.0,3,Thursday,10,2024,31,44,0,4,0.0,82829.0,104349.0,0.14
2024-11-01,0,0.0,0.0,0.0,0.0,0,0.0,0.0,4,Friday,11,2024,1,44,0,4,0.0,82829.0,104349.0,0.14
2024-11-02,0,0.0,0.0,0.0,0.0,0,0.0,0.0,5,Saturday,11,2024,2,44,1,4,0.0,82829.0,104349.0,0.14
2024-11-03,1,579800.0,0.0,0.0,579800.0,0,0.0,579800.0,6,Sunday,11,2024,3,44,1,4,0.0,82829.0,123676.0,0.14
2024-11-04,1,493513.45,0.0,0.0,493513.45,0,46286.55,539800.0,0,Monday,11,2024,4,45,0,4,579800.0,159943.0,141669.0,0.29
2024-11-05,0,0.0,0.0,0.0,0.0,0,0.0,0.0,1,Tuesday,11,2024,5,45,0,4,539800.0,159943.0,141669.0,0.29
2024-11-06,2,339800.0,0.0,0.0,339800.0,15000,0.0,354800.0,2,Wednesday,11,2024,6,45,0,4,0.0,210629.0,143365.0,0.57
2024-11-07,0,0.0,0.0,0.0,0.0,0,0.0,0.0,3,Thursday,11,2024,7,45,0,4,354800.0,210629.0,143365.0,0.57
2024-11-08,0,0.0,0.0,0.0,0.0,0,0.0,0.0,4,Friday,11,2024,8,45,0,4,0.0,210629.0,114375.0,0.57
2024-11-09,0,0.0,0.0,0.0,0.0,0,0.0,0.0,5,Saturday,11,2024,9,45,1,4,0.0,210629.0,108952.0,0.57
2024-11-10,0,0.0,0.0,0.0,0.0,0,0.0,0.0,6,Sunday,11,2024,10,45,1,4,0.0,127800.0,81908.0,0.43
2024-11-11,1,539800.0,0.0,0.0,539800.0,0,0.0,539800.0,0,Monday,11,2024,11,46,0,4,0.0,127800.0,99901.0,0.43
2024-11-12,0,0.0,0.0,0.0,0.0,0,0.0,0.0,1,Tuesday,11,2024,12,46,0,4,539800.0,127800.0,99901.0,0.43
2024-11-13,0,0.0,0.0,0.0,0.0,0,0.0,0.0,2,Wednesday,11,2024,13,46,0,4,0.0,77114.0,99901.0,0.14
2024-11-14,0,0.0,0.0,0.0,0.0,0,0.0,0.0,3,Thursday,11,2024,14,46,0,4,0.0,77114.0,99901.0,0.14
2024-11-15,0,0.0,0.0,0.0,0.0,0,0.0,0.0,4,Friday,11,2024,15,46,0,4,0.0,77114.0,99901.0,0.14
2024-11-16,0,0.0,0.0,0.0,0.0,0,0.0,0.0,5,Saturday,11,2024,16,46,1,4,0.0,77114.0,99901.0,0.14
2024-11-17,1,249900.0,0.0,0.0,249900.0,0,0.0,249900.0,6,Sunday,11,2024,17,46,1,4,0.0,112814.0,101514.0,0.29
2024-11-18,0,0.0,0.0,0.0,0.0,0,0.0,0.0,0,Monday,11,2024,18,47,0,4,249900.0,35700.0,101514.0,0.14
2024-11-19,0,0.0,0.0,0.0,0.0,0,0.0,0.0,1,Tuesday,11,2024,19,47,0,4,0.0,35700.0,101514.0,0.14
2024-11-20,1,161940.0,0.0,0.0,161940.0,0,0.0,161940.0,2,Wednesday,11,2024,20,47,0,4,0.0,58834.0,106912.0,0.29
2024-11-21,0,0.0,0.0,0.0,0.0,0,0.0,0.0,3,Thursday,11,2024,21,47,0,4,161940.0,58834.0,106912.0,0.29
2024-11-22,0,0.0,0.0,0.0,0.0,0,0.0,0.0,4,Friday,11,2024,22,47,0,4,0.0,58834.0,106912.0,0.29
2024-11-23,0,0.0,0.0,0.0,0.0,0,0.0,0.0,5,Saturday,11,2024,23,47,1,4,0.0,58834.0,100195.0,0.29
2024-11-24,0,0.0,0.0,0.0,0.0,0,0.0,0.0,6,Sunday,11,2024,24,47,1,4,0.0,23134.0,100195.0,0.14
2024-11-25,1,941700.0,0.0,0.0,941700.0,0,0.0,941700.0,0,Monday,11,2024,25,48,0,4,0.0,157663.0,131585.0,0.29
2024-11-26,0,0.0,0.0,0.0,0.0,0,0.0,0.0,1,Tuesday,11,2024,26,48,0,4,941700.0,157663.0,112258.0,0.29
2024-11-27,0,0.0,0.0,0.0,0.0,0,0.0,0.0,2,Wednesday,11,2024,27,48,0,4,0.0,134529.0,112258.0,0.14
2024-11-28,0,0.0,0.0,0.0,0.0,0,0.0,0.0,3,Thursday,11,2024,28,48,0,4,0.0,134529.0,112258.0,0.14
2024-11-29,1,869700.0,217425.0,0.0,652275.0,0,0.0,652275.0,4,Friday,11,2024,29,48,0,4,0.0,227711.0,134000.0,0.29
2024-11-30,0,0.0,0.0,0.0,0.0,0,0.0,0.0,5,Saturday,11,2024,30,48,1,4,652275.0,227711.0,134000.0,0.29
2024-12-01,0,0.0,0.0,0.0,0.0,0,0.0,0.0,6,Sunday,12,2024,1,48,1,4,0.0,227711.0,134000.0,0.29
2024-12-02,0,0.0,0.0,0.0,0.0,0,0.0,0.0,0,Monday,12,2024,2,49,0,4,0.0,93182.0,134000.0,0.14
2024-12-03,0,0.0,0.0,0.0,0.0,0,0.0,0.0,1,Tuesday,12,2024,3,49,0,4,0.0,93182.0,114674.0,0.14
2024-12-04,0,0.0,0.0,0.0,0.0,0,0.0,0.0,2,Wednesday,12,2024,4,49,0,4,0.0,93182.0,96680.0,0.14
2024-12-05,0,0.0,0.0,0.0,0.0,0,0.0,0.0,3,Thursday,12,2024,5,49,0,4,0.0,93182.0,96680.0,0.14
2024-12-06,2,799700.0,0.0,0.0,799700.0,0,0.0,799700.0,4,Friday,12,2024,6,49,0,4,0.0,114243.0,111510.0,0.29
2024-12-07,0,0.0,0.0,0.0,0.0,0,0.0,0.0,5,Saturday,12,2024,7,49,1,4,799700.0,114243.0,111510.0,0.29
2024-12-08,0,0.0,0.0,0.0,0.0,0,0.0,0.0,6,Sunday,12,2024,8,49,1,4,0.0,114243.0,111510.0,0.29
2024-12-09,0,0.0,0.0,0.0,0.0,0,0.0,0.0,0,Monday,12,2024,9,50,0,4,0.0,114243.0,111510.0,0.29
2024-12-10,2,853413.45,0.0,0.0,853413.45,0,46286.55,899700.0,1,Tuesday,12,2024,10,50,0,4,0.0,242771.0,141500.0,0.57
2024-12-11,3,1111213.45,0.0,0.0,1111213.45,0,46286.55,1157500.0,2,Wednesday,12,2024,11,50,0,4,899700.0,408129.0,162090.0,1.0
2024-12-12,0,0.0,0.0,0.0,0.0,0,0.0,0.0,3,Thursday,12,2024,12,50,0,4,1157500.0,408129.0,162090.0,1.0
2024-12-13,0,0.0,0.0,0.0,0.0,0,0.0,0.0,4,Friday,12,2024,13,50,0,4,0.0,293886.0,162090.0,0.71
2024-12-14,0,0.0,0.0,0.0,0.0,0,0.0,0.0,5,Saturday,12,2024,14,50,1,4,0.0,293886.0,162090.0,0.71
2024-12-15,0,0.0,0.0,0.0,0.0,0,0.0,0.0,6,Sunday,12,2024,15,50,1,4,0.0,293886.0,162090.0,0.71
2024-12-16,0,0.0,0.0,0.0,0.0,0,0.0,0.0,0,Monday,12,2024,16,51,0,4,0.0,293886.0,162090.0,0.71
2024-12-17,0,0.0,0.0,0.0,0.0,0,0.0,0.0,1,Tuesday,12,2024,17,51,0,4,0.0,165357.0,153760.0,0.43
2024-12-18,1,277800.0,0.0,0.0,277800.0,0,0.0,277800.0,2,Wednesday,12,2024,18,51,0,4,0.0,39686.0,163020.0,0.14
2024-12-19,2,714757.98,0.0,0.0,714757.98,15000,19942.02,749700.0,3,Thursday,12,2024,19,51,0,4,277800.0,146786.0,188010.0,0.43
2024-12-20,0,0.0,0.0,0.0,0.0,0,0.0,0.0,4,Friday,12,2024,20,51,0,4,749700.0,146786.0,182612.0,0.43
2024-12-21,0,0.0,0.0,0.0,0.0,0,0.0,0.0,5,Saturday,12,2024,21,51,1,4,0.0,146786.0,182612.0,0.43
2024-12-22,0,0.0,0.0,0.0,0.0,0,0.0,0.0,6,Sunday,12,2024,22,51,1,4,0.0,146786.0,182612.0,0.43
2024-12-23,0,0.0,0.0,0.0,0.0,0,0.0,0.0,0,Monday,12,2024,23,52,0,4,0.0,146786.0,182612.0,0.43
2024-12-24,0,0.0,0.0,0.0,0.0,0,0.0,0.0,1,Tuesday,12,2024,24,52,0,4,0.0,146786.0,182612.0,0.43
2024-12-25,0,0.0,0.0,0.0,0.0,0,0.0,0.0,2,Wednesday,12,2024,25,52,0,4,0.0,107100.0,151222.0,0.29
2024-12-26,1,249900.0,0.0,0.0,249900.0,0,0.0,249900.0,3,Thursday,12,2024,26,52,0,4,0.0,35700.0,159552.0,0.14
2024-12-27,1,132857.98,0.0,0.0,132857.98,0,19942.02,152800.0,4,Friday,12,2024,27,52,0,4,249900.0,57529.0,164646.0,0.29
2024-12-28,0,0.0,0.0,0.0,0.0,0,0.0,0.0,5,Saturday,12,2024,28,52,1,4,152800.0,57529.0,164646.0,0.29
2024-12-29,0,0.0,0.0,0.0,0.0,0,0.0,0.0,6,Sunday,12,2024,29,52,1,4,0.0,57529.0,142903.0,0.29
2024-12-30,0,0.0,0.0,0.0,0.0,0,0.0,0.0,0,Monday,12,2024,30,1,0,4,0.0,57529.0,142903.0,0.29
2024-12-31,0,0.0,0.0,0.0,0.0,0,0.0,0.0,1,Tuesday,12,2024,31,1,0,4,0.0,57529.0,142903.0,0.29
2025-01-01,0,0.0,0.0,0.0,0.0,0,0.0,0.0,2,Wednesday,1,2025,1,1,0,1,0.0,57529.0,142903.0,0.29
2025-01-02,0,0.0,0.0,0.0,0.0,0,0.0,0.0,3,Thursday,1,2025,2,1,0,1,0.0,21829.0,142903.0,0.14
2025-01-03,0,0.0,0.0,0.0,0.0,0,0.0,0.0,4,Friday,1,2025,3,1,0,1,0.0,0.0,142903.0,0.0
2025-01-04,0,0.0,0.0,0.0,0.0,0,0.0,0.0,5,Saturday,1,2025,4,1,1,1,0.0,0.0,142903.0,0.0
2025-01-05,0,0.0,0.0,0.0,0.0,0,0.0,0.0,6,Sunday,1,2025,5,1,1,1,0.0,0.0,116247.0,0.0
2025-01-06,1,289900.0,0.0,0.0,289900.0,0,0.0,289900.0,0,Monday,1,2025,6,2,0,1,0.0,41414.0,125910.0,0.14
2025-01-07,1,289900.0,0.0,0.0,289900.0,0,0.0,289900.0,1,Tuesday,1,2025,7,2,0,1,289900.0,82829.0,135573.0,0.29
2025-01-08,2,647198.15,0.0,0.0,647198.15,0,32941.85,680140.0,2,Wednesday,1,2025,8,2,0,1,289900.0,179991.0,158245.0,0.57
2025-01-09,1,201520.0,0.0,0.0,201520.0,0,0.0,201520.0,3,Thursday,1,2025,9,2,0,1,680140.0,208780.0,134972.0,0.71
2025-01-10,1,201520.0,0.0,0.0,201520.0,0,0.0,201520.0,4,Friday,1,2025,10,2,0,1,201520.0,237569.0,103106.0,0.86
2025-01-11,0,0.0,0.0,0.0,0.0,0,0.0,0.0,5,Saturday,1,2025,11,2,1,1,201520.0,237569.0,103106.0,0.86
2025-01-12,0,0.0,0.0,0.0,0.0,0,0.0,0.0,6,Sunday,1,2025,12,2,1,1,0.0,237569.0,103106.0,0.86
2025-01-13,0,0.0,0.0,0.0,0.0,0,0.0,0.0,0,Monday,1,2025,13,3,0,1,0.0,196154.0,103106.0,0.71
2025-01-14,0,0.0,0.0,0.0,0.0,0,0.0,0.0,1,Tuesday,1,2025,14,3,0,1,0.0,154740.0,103106.0,0.57
2025-01-15,0,0.0,0.0,0.0,0.0,0,0.0,0.0,2,Wednesday,1,2025,15,3,0,1,0.0,57577.0,103106.0,0.29
2025-01-16,0,0.0,0.0,0.0,0.0,0,0.0,0.0,3,Thursday,1,2025,16,3,0,1,0.0,28789.0,103106.0,0.14
2025-01-17,1,131697.48,0.0,0.0,131697.48,0,25022.52,156720.0,4,Friday,1,2025,17,3,0,1,0.0,22389.0,99070.0,0.14
2025-01-18,0,0.0,0.0,0.0,0.0,0,0.0,0.0,5,Saturday,1,2025,18,3,1,1,156720.0,22389.0,74080.0,0.14
2025-01-19,0,0.0,0.0,0.0,0.0,0,0.0,0.0,6,Sunday,1,2025,19,3,1,1,0.0,22389.0,74080.0,0.14
2025-01-20,1,104957.98,0.0,0.0,104957.98,15000,19942.02,139900.0,0,Monday,1,2025,20,4,0,1,0.0,42374.0,78743.0,0.29
2025-01-21,1,149940.0,0.0,0.0,149940.0,15000,0.0,164940.0,1,Tuesday,1,2025,21,4,0,1,139900.0,65937.0,84241.0,0.43
2025-01-22,1,359900.0,0.0,0.0,359900.0,0,0.0,359900.0,2,Wednesday,1,2025,22,4,0,1,164940.0,117351.0,96238.0,0.57
2025-01-23,1,201520.0,0.0,0.0,201520.0,0,0.0,201520.0,3,Thursday,1,2025,23,4,0,1,359900.0,146140.0,102955.0,0.71
2025-01-24,1,249900.0,0.0,0.0,249900.0,0,0.0,249900.0,4,Friday,1,2025,24,4,0,1,201520.0,159451.0,111285.0,0.71
2025-01-25,1,289900.0,0.0,0.0,289900.0,0,0.0,289900.0,5,Saturday,1,2025,25,4,1,1,249900.0,200866.0,112619.0,0.86
2025-01-26,0,0.0,0.0,0.0,0.0,0,0.0,0.0,6,Sunday,1,2025,26,4,1,1,289900.0,200866.0,107525.0,0.86
2025-01-27,2,423278.15,0.0,0.0,423278.15,0,32941.85,456220.0,0,Monday,1,2025,27,5,0,1,0.0,246054.0,122733.0,1.0
2025-01-28,1,1079600.0,0.0,0.0,1079600.0,0,0.0,1079600.0,1,Tuesday,1,2025,28,5,0,1,456220.0,376720.0,158719.0,1.0
2025-01-29,1,159800.0,0.0,1263520.0,-1103720.0,0,0.0,-1103720.0,2,Wednesday,1,2025,29,5,0,1,1079600.0,167631.0,121929.0,1.0
2025-01-30,0,0.0,0.0,0.0,0.0,0,0.0,0.0,3,Thursday,1,2025,30,5,0,1,-1103720.0,138843.0,121929.0,0.86
2025-01-31,0,0.0,0.0,0.0,0.0,0,0.0,0.0,4,Friday,1,2025,31,5,0,1,0.0,103143.0,121929.0,0.71
2025-02-01,2,408877.98,0.0,0.0,408877.98,15000,19942.02,443820.0,5,Saturday,2,2025,1,5,1,1,0.0,125131.0,136723.0,0.86
2025-02-02,0,0.0,0.0,0.0,0.0,0,0.0,0.0,6,Sunday,2,2025,2,5,1,1,443820.0,125131.0,136723.0,0.86
2025-02-03,0,0.0,0.0,0.0,0.0,0,0.0,0.0,0,Monday,2,2025,3,6,0,1,0.0,59957.0,136723.0,0.57
2025-02-04,1,289900.0,0.0,0.0,289900.0,0,0.0,289900.0,1,Tuesday,2,2025,4,6,0,1,0.0,-52857.0,146386.0,0.57
2025-02-05,0,0.0,0.0,0.0,0.0,0,0.0,0.0,2,Wednesday,2,2025,5,6,0,1,289900.0,104817.0,136723.0,0.43
2025-02-06,1,249900.0,0.0,0.0,249900.0,0,0.0,249900.0,3,Thursday,2,2025,6,6,0,1,0.0,140517.0,135389.0,0.57
2025-02-07,0,0.0,0.0,249900.0,-249900.0,0,0.0,-249900.0,4,Friday,2,2025,7,6,0,1,249900.0,104817.0,104388.0,0.57
2025-02-08,0,0.0,0.0,0.0,0.0,0,0.0,0.0,5,Saturday,2,2025,8,6,1,1,-249900.0,41414.0,97671.0,0.29
2025-02-09,0,0.0,0.0,0.0,0.0,0,0.0,0.0,6,Sunday,2,2025,9,6,1,1,0.0,41414.0,90953.0,0.29
2025-02-10,0,0.0,0.0,0.0,0.0,0,0.0,0.0,0,Monday,2,2025,10,7,0,1,0.0,41414.0,90953.0,0.29
2025-02-11,0,0.0,0.0,0.0,0.0,0,0.0,0.0,1,Tuesday,2,2025,11,7,0,1,0.0,0.0,90953.0,0.14
2025-02-12,0,0.0,0.0,0.0,0.0,0,0.0,0.0,2,Wednesday,2,2025,12,7,0,1,0.0,0.0,90953.0,0.14
2025-02-13,0,0.0,0.0,0.0,0.0,0,0.0,0.0,3,Thursday,2,2025,13,7,0,1,0.0,-35700.0,90953.0,0.0
2025-02-14,1,227940.0,0.0,0.0,227940.0,0,0.0,227940.0,4,Friday,2,2025,14,7,0,1,0.0,32563.0,98551.0,0.14
2025-02-15,2,624700.0,0.0,0.0,624700.0,0,0.0,624700.0,5,Saturday,2,2025,15,7,1,1,227940.0,121806.0,119375.0,0.43
2025-02-16,0,0.0,0.0,0.0,0.0,0,0.0,0.0,6,Sunday,2,2025,16,7,1,1,624700.0,121806.0,114151.0,0.43
2025-02-17,0,0.0,0.0,0.0,0.0,0,0.0,0.0,0,Monday,2,2025,17,8,0,1,0.0,121806.0,114151.0,0.43
2025-02-18,0,0.0,0.0,0.0,0.0,0,0.0,0.0,1,Tuesday,2,2025,18,8,0,1,0.0,121806.0,114151.0,0.43
2025-02-19,0,0.0,0.0,0.0,0.0,0,0.0,0.0,2,Wednesday,2,2025,19,8,0,1,0.0,121806.0,109487.0,0.43
2025-02-20,0,0.0,0.0,0.0,0.0,0,0.0,0.0,3,Thursday,2,2025,20,8,0,1,0.0,121806.0,103989.0,0.43
2025-02-21,0,0.0,0.0,0.0,0.0,0,0.0,0.0,4,Friday,2,2025,21,8,0,1,0.0,89243.0,91993.0,0.29
2025-02-22,0,0.0,0.0,0.0,0.0,0,0.0,0.0,5,Saturday,2,2025,22,8,1,1,0.0,0.0,85275.0,0.0
2025-02-23,0,0.0,0.0,0.0,0.0,0,0.0,0.0,6,Sunday,2,2025,23,8,1,1,0.0,0.0,76945.0,0.0
2025-02-24,0,0.0,0.0,0.0,0.0,0,0.0,0.0,0,Monday,2,2025,24,9,0,1,0.0,0.0,67282.0,0.0
2025-02-25,0,0.0,0.0,0.0,0.0,0,0.0,0.0,1,Tuesday,2,2025,25,9,0,1,0.0,0.0,67282.0,0.0
2025-02-26,1,289900.0,0.0,0.0,289900.0,0,0.0,289900.0,2,Wednesday,2,2025,26,9,0,1,0.0,41414.0,61738.0,0.14
2025-02-27,1,289900.0,0.0,0.0,289900.0,0,0.0,289900.0,3,Thursday,2,2025,27,9,0,1,289900.0,82829.0,35415.0,0.29
2025-02-28,0,0.0,0.0,0.0,0.0,0,0.0,0.0,4,Friday,2,2025,28,9,0,1,289900.0,82829.0,72205.0,0.29
2025-03-01,1,227940.0,0.0,0.0,227940.0,0,0.0,227940.0,5,Saturday,3,2025,1,9,1,1,0.0,115391.0,79803.0,0.43
2025-03-02,1,533513.45,0.0,0.0,533513.45,0,46286.55,579800.0,6,Sunday,3,2025,2,9,1,1,227940.0,198220.0,99130.0,0.57
2025-03-03,1,299880.0,0.0,0.0,299880.0,0,0.0,299880.0,0,Monday,3,2025,3,10,0,1,579800.0,241060.0,94332.0,0.71
2025-03-04,0,0.0,0.0,0.0,0.0,0,0.0,0.0,1,Tuesday,3,2025,4,10,0,1,299880.0,241060.0,94332.0,0.71
2025-03-05,0,0.0,0.0,0.0,0.0,0,0.0,0.0,2,Wednesday,3,2025,5,10,0,1,0.0,199646.0,94332.0,0.57
2025-03-06,0,0.0,0.0,0.0,0.0,0,0.0,0.0,3,Thursday,3,2025,6,10,0,1,0.0,158231.0,84669.0,0.43
2025-03-07,1,289900.0,0.0,0.0,289900.0,0,0.0,289900.0,4,Friday,3,2025,7,10,0,1,0.0,199646.0,94332.0,0.57
2025-03-08,0,0.0,0.0,0.0,0.0,0,0.0,0.0,5,Saturday,3,2025,8,10,1,1,289900.0,167083.0,86002.0,0.43
2025-03-09,0,0.0,0.0,0.0,0.0,0,0.0,0.0,6,Sunday,3,2025,9,10,1,1,0.0,84254.0,94332.0,0.29
2025-03-10,0,0.0,0.0,0.0,0.0,0,0.0,0.0,0,Monday,3,2025,10,11,0,1,0.0,41414.0,94332.0,0.14
2025-03-11,0,0.0,0.0,0.0,0.0,0,0.0,0.0,1,Tuesday,3,2025,11,11,0,1,0.0,41414.0,94332.0,0.14
2025-03-12,1,289900.0,0.0,0.0,289900.0,0,0.0,289900.0,2,Wednesday,3,2025,12,11,0,1,0.0,82829.0,103995.0,0.29
2025-03-13,0,0.0,0.0,0.0,0.0,0,0.0,0.0,3,Thursday,3,2025,13,11,0,1,289900.0,82829.0,103995.0,0.29
2025-03-14,0,0.0,0.0,0.0,0.0,0,0.0,0.0,4,Friday,3,2025,14,11,0,1,0.0,41414.0,103995.0,0.14
2025-03-15,1,227940.0,0.0,0.0,227940.0,0,0.0,227940.0,5,Saturday,3,2025,15,11,1,1,0.0,73977.0,111593.0,0.29
2025-03-16,0,0.0,0.0,0.0,0.0,0,0.0,0.0,6,Sunday,3,2025,16,11,1,1,227940.0,73977.0,103995.0,0.29
2025-03-17,1,227940.0,0.0,0.0,227940.0,0,0.0,227940.0,0,Monday,3,2025,17,12,0,1,0.0,106540.0,90770.0,0.43
2025-03-18,2,357320.0,0.0,0.0,357320.0,0,0.0,357320.0,1,Tuesday,3,2025,18,12,0,1,227940.0,157586.0,102681.0,0.71
2025-03-19,0,0.0,0.0,0.0,0.0,0,0.0,0.0,2,Wednesday,3,2025,19,12,0,1,357320.0,116171.0,102681.0,0.57
2025-03-20,0,0.0,0.0,0.0,0.0,0,0.0,0.0,3,Thursday,3,2025,20,12,0,1,0.0,116171.0,102681.0,0.57
2025-03-21,0,0.0,0.0,0.0,0.0,0,0.0,0.0,4,Friday,3,2025,21,12,0,1,0.0,116171.0,102681.0,0.57
2025-03-22,2,517840.0,0.0,0.0,517840.0,0,0.0,517840.0,5,Saturday,3,2025,22,12,1,1,0.0,157586.0,119942.0,0.71
2025-03-23,0,0.0,0.0,0.0,0.0,0,0.0,0.0,6,Sunday,3,2025,23,12,1,1,517840.0,157586.0,119942.0,0.71
2025-03-24,0,0.0,0.0,0.0,0.0,0,0.0,0.0,0,Monday,3,2025,24,13,0,1,0.0,125023.0,119942.0,0.57
2025-03-25,1,227940.0,0.0,0.0,227940.0,0,0.0,227940.0,1,Tuesday,3,2025,25,13,0,1,0.0,106540.0,127540.0,0.43
2025-03-26,0,0.0,0.0,0.0,0.0,0,0.0,0.0,2,Wednesday,3,2025,26,13,0,1,227940.0,106540.0,127540.0,0.43
2025-03-27,2,422757.98,0.0,0.0,422757.98,0,19942.02,442700.0,3,Thursday,3,2025,27,13,0,1,0.0,169783.0,142297.0,0.71
2025-03-28,0,0.0,0.0,0.0,0.0,0,0.0,0.0,4,Friday,3,2025,28,13,0,1,442700.0,169783.0,132633.0,0.71
2025-03-29,0,0.0,0.0,0.0,0.0,0,0.0,0.0,5,Saturday,3,2025,29,13,1,1,0.0,95806.0,122970.0,0.43
2025-03-30,1,117460.0,0.0,0.0,117460.0,15000,0.0,132460.0,6,Sunday,3,2025,30,13,1,1,0.0,114729.0,127385.0,0.57
2025-03-31,1,255840.0,0.0,0.0,255840.0,0,0.0,255840.0,0,Monday,3,2025,31,14,0,1,132460.0,151277.0,128315.0,0.71
2025-04-01,0,0.0,0.0,0.0,0.0,0,0.0,0.0,1,Tuesday,4,2025,1,14,0,2,255840.0,118714.0,108989.0,0.57
2025-04-02,0,0.0,0.0,0.0,0.0,0,0.0,0.0,2,Wednesday,4,2025,2,14,0,2,0.0,118714.0,98993.0,0.57
2025-04-03,0,0.0,0.0,0.0,0.0,0,0.0,0.0,3,Thursday,4,2025,3,14,0,2,0.0,55471.0,98993.0,0.29
2025-04-04,1,449820.0,0.0,0.0,449820.0,0,0.0,449820.0,4,Friday,4,2025,4,14,0,2,0.0,119731.0,113987.0,0.43
2025-04-05,1,173378.15,0.0,0.0,173378.15,0,32941.85,206320.0,5,Saturday,4,2025,5,14,1,2,449820.0,149206.0,120864.0,0.57
2025-04-06,0,0.0,0.0,0.0,0.0,0,0.0,0.0,6,Sunday,4,2025,6,14,1,2,206320.0,130283.0,111201.0,0.43
2025-04-07,0,0.0,0.0,0.0,0.0,0,0.0,0.0,0,Monday,4,2025,7,15,0,2,0.0,93734.0,111201.0,0.29
2025-04-08,0,0.0,0.0,0.0,0.0,0,0.0,0.0,1,Tuesday,4,2025,8,15,0,2,0.0,93734.0,111201.0,0.29
2025-04-09,4,924500.0,0.0,0.0,924500.0,15000,39900.0,979400.0,2,Wednesday,4,2025,9,15,0,2,0.0,233649.0,143847.0,0.86
2025-04-10,2,477740.0,0.0,0.0,477740.0,0,0.0,477740.0,3,Thursday,4,2025,10,15,0,2,979400.0,301897.0,159772.0,1.14
2025-04-11,0,0.0,0.0,0.0,0.0,0,0.0,0.0,4,Friday,4,2025,11,15,0,2,477740.0,237637.0,150109.0,1.0
2025-04-12,0,0.0,0.0,0.0,0.0,0,0.0,0.0,5,Saturday,4,2025,12,15,1,2,0.0,208163.0,150109.0,0.86
2025-04-13,3,578640.0,0.0,0.0,578640.0,15000,0.0,593640.0,6,Sunday,4,2025,13,15,1,2,0.0,292969.0,169897.0,1.29
2025-04-14,0,0.0,0.0,0.0,0.0,0,0.0,0.0,0,Monday,4,2025,14,16,0,2,593640.0,292969.0,162299.0,1.29
2025-04-15,0,0.0,0.0,0.0,0.0,0,0.0,0.0,1,Tuesday,4,2025,15,16,0,2,0.0,292969.0,162299.0,1.29
2025-04-16,0,0.0,0.0,0.0,0.0,0,0.0,0.0,2,Wednesday,4,2025,16,16,0,2,0.0,153054.0,154701.0,0.71
2025-04-17,2,807740.0,0.0,0.0,807740.0,0,0.0,807740.0,3,Thursday,4,2025,17,16,0,2,0.0,200197.0,169715.0,0.71
2025-04-18,1,455880.0,0.0,0.0,455880.0,0,0.0,455880.0,4,Friday,4,2025,18,16,0,2,807740.0,265323.0,184911.0,0.86
2025-04-19,0,0.0,0.0,0.0,0.0,0,0.0,0.0,5,Saturday,4,2025,19,16,1,2,455880.0,265323.0,184911.0,0.86
2025-04-20,1,539700.0,0.0,0.0,539700.0,0,0.0,539700.0,6,Sunday,4,2025,20,16,1,2,0.0,257617.0,202901.0,0.57
2025-04-21,1,249800.0,0.0,0.0,249800.0,0,0.0,249800.0,0,Monday,4,2025,21,17,0,2,539700.0,293303.0,193966.0,0.71
2025-04-22,1,173378.15,0.0,0.0,173378.15,0,32941.85,206320.0,1,Tuesday,4,2025,22,17,0,2,249800.0,322777.0,200843.0,0.86
2025-04-23,1,783313.45,0.0,0.0,783313.45,0,46286.55,829600.0,2,Wednesday,4,2025,23,17,0,2,206320.0,441291.0,228497.0,1.0
2025-04-24,1,227940.0,0.0,0.0,227940.0,0,0.0,227940.0,3,Thursday,4,2025,24,17,0,2,829600.0,358463.0,228497.0,0.86
2025-04-25,0,0.0,0.0,0.0,0.0,0,0.0,0.0,4,Friday,4,2025,25,17,0,2,227940.0,293337.0,228497.0,0.71
2025-04-26,1,289900.0,0.0,0.0,289900.0,0,0.0,289900.0,5,Saturday,4,2025,26,17,1,2,0.0,334751.0,223403.0,0.86
2025-04-27,1,199900.0,0.0,0.0,199900.0,0,0.0,199900.0,6,Sunday,4,2025,27,17,1,2,289900.0,286209.0,230067.0,0.86
2025-04-28,1,134900.0,0.0,0.0,134900.0,15000,0.0,149900.0,0,Monday,4,2025,28,18,0,2,199900.0,271937.0,235063.0,0.86
2025-04-29,0,0.0,0.0,0.0,0.0,0,0.0,0.0,1,Tuesday,4,2025,29,18,0,2,149900.0,242463.0,230648.0,0.71
2025-04-30,0,0.0,0.0,0.0,0.0,0,0.0,0.0,2,Wednesday,4,2025,30,18,0,2,0.0,123949.0,222120.0,0.57
2025-05-01,2,442876.47,0.0,0.0,442876.47,0,28343.53,471220.0,3,Thursday,5,2025,1,18,0,2,0.0,158703.0,237827.0,0.71
2025-05-02,2,499800.0,0.0,0.0,499800.0,0,0.0,499800.0,4,Friday,5,2025,2,18,0,2,471220.0,230103.0,254487.0,1.0
2025-05-03,1,299880.0,0.0,0.0,299880.0,0,0.0,299880.0,5,Saturday,5,2025,3,18,1,2,499800.0,231529.0,264483.0,1.0
2025-05-04,1,269900.0,0.0,0.0,269900.0,0,0.0,269900.0,6,Sunday,5,2025,4,18,1,2,299880.0,241529.0,258486.0,1.0
2025-05-05,2,269800.0,0.0,0.0,269800.0,30000,0.0,299800.0,0,Monday,5,2025,5,19,0,2,269900.0,262943.0,261602.0,1.14
2025-05-06,0,0.0,0.0,0.0,0.0,0,0.0,0.0,1,Tuesday,5,2025,6,19,0,2,299800.0,262943.0,261602.0,1.14
2025-05-07,0,0.0,0.0,0.0,0.0,0,0.0,0.0,2,Wednesday,5,2025,7,19,0,2,0.0,262943.0,261602.0,1.14
2025-05-08,6,1382460.0,0.0,0.0,1382460.0,15000,0.0,1397460.0,3,Thursday,5,2025,8,19,0,2,0.0,395263.0,308184.0,1.71
2025-05-09,0,0.0,0.0,0.0,0.0,0,0.0,0.0,4,Friday,5,2025,9,19,0,2,1397460.0,323863.0,275537.0,1.43
2025-05-10,2,539700.0,0.0,0.0,539700.0,0,0.0,539700.0,5,Saturday,5,2025,10,19,1,2,0.0,358123.0,277603.0,1.57
2025-05-11,2,469700.0,0.0,0.0,469700.0,0,0.0,469700.0,6,Sunday,5,2025,11,19,1,2,539700.0,386666.0,293259.0,1.71
2025-05-12,1,289900.0,0.0,0.0,289900.0,0,0.0,289900.0,0,Monday,5,2025,12,20,0,2,469700.0,385251.0,302923.0,1.57
2025-05-13,1,135900.0,13590.0,0.0,122310.0,15000,0.0,137310.0,1,Tuesday,5,2025,13,20,0,2,289900.0,404867.0,287712.0,1.71
2025-05-14,0,0.0,0.0,0.0,0.0,0,0.0,0.0,2,Wednesday,5,2025,14,20,0,2,137310.0,404867.0,287712.0,1.71
2025-05-15,1,124900.0,0.0,0.0,124900.0,15000,0.0,139900.0,3,Thursday,5,2025,15,20,0,2,0.0,225216.0,292375.0,1.0
2025-05-16,1,259900.0,0.0,0.0,259900.0,0,0.0,259900.0,4,Friday,5,2025,16,20,0,2,139900.0,262344.0,301038.0,1.14
2025-05-17,2,499800.0,0.0,0.0,499800.0,0,0.0,499800.0,5,Saturday,5,2025,17,20,1,2,259900.0,256644.0,290774.0,1.14
2025-05-18,1,607700.0,60770.0,0.0,546930.0,0,0.0,546930.0,6,Sunday,5,2025,18,20,1,2,499800.0,267677.0,293809.0,1.0
2025-05-19,2,455880.0,0.0,0.0,455880.0,0,0.0,455880.0,0,Monday,5,2025,19,21,0,2,546930.0,291389.0,309005.0,1.14
2025-05-20,2,455880.0,0.0,0.0,455880.0,0,0.0,455880.0,1,Tuesday,5,2025,20,21,0,2,455880.0,336899.0,306211.0,1.29
2025-05-21,3,779700.0,0.0,0.0,779700.0,0,0.0,779700.0,2,Wednesday,5,2025,21,21,0,2,455880.0,448284.0,323874.0,1.71
2025-05-22,2,463278.15,28990.0,0.0,434288.15,0,32941.85,467230.0,3,Thursday,5,2025,22,21,0,2,779700.0,495046.0,332571.0,1.86
2025-05-23,2,745780.0,0.0,0.0,745780.0,0,0.0,745780.0,4,Friday,5,2025,23,21,0,2,467230.0,564457.0,329777.0,2.0
2025-05-24,6,1037517.98,0.0,0.0,1037517.98,45000,19942.02,1102460.0,5,Saturday,5,2025,24,21,1,2,745780.0,650551.0,358928.0,2.57
2025-05-25,1,227940.0,0.0,0.0,227940.0,0,0.0,227940.0,6,Sunday,5,2025,25,21,1,2,1102460.0,604981.0,366526.0,2.57
2025-05-26,4,496019.32,0.0,0.0,496019.32,45000,41480.68,582500.0,0,Monday,5,2025,26,22,0,2,227940.0,623070.0,376279.0,2.86
2025-05-27,2,651218.15,0.0,0.0,651218.15,0,32941.85,684160.0,1,Tuesday,5,2025,27,22,0,2,582500.0,655681.0,392421.0,2.86
2025-05-28,4,1120480.0,0.0,0.0,1120480.0,0,0.0,1120480.0,2,Wednesday,5,2025,28,22,0,2,684160.0,704364.0,424774.0,3.0
2025-05-29,3,504101.34,36284.0,0.0,467817.34,15000,21538.66,504356.0,3,Thursday,5,2025,29,22,0,2,1120480.0,709668.0,441586.0,3.14
2025-05-30,0,0.0,0.0,0.0,0.0,0,0.0,0.0,4,Friday,5,2025,30,22,0,2,504356.0,603128.0,441586.0,2.86
2025-05-31,2,424800.0,0.0,0.0,424800.0,15000,0.0,439800.0,5,Saturday,5,2025,31,22,1,2,0.0,508462.0,440538.0,2.29
2025-06-01,2,248261.34,0.0,0.0,248261.34,30000,21538.66,299800.0,6,Sunday,6,2025,1,22,1,2,439800.0,518728.0,433872.0,2.43
2025-06-02,3,964600.0,53980.0,0.0,910620.0,15000,0.0,925620.0,0,Monday,6,2025,2,23,0,2,299800.0,567745.0,454730.0,2.29
2025-06-03,1,124900.0,12490.0,0.0,112410.0,15000,0.0,127410.0,1,Tuesday,6,2025,3,23,0,2,925620.0,488209.0,449980.0,2.14
2025-06-04,1,539800.0,53980.0,0.0,485820.0,0,0.0,485820.0,2,Wednesday,6,2025,4,23,0,2,127410.0,397544.0,456181.0,1.71
2025-06-05,1,227940.0,22794.0,0.0,205146.0,0,0.0,205146.0,3,Thursday,6,2025,5,23,0,2,485820.0,354799.0,463019.0,1.43
2025-06-06,3,487740.0,0.0,0.0,487740.0,30000,0.0,517740.0,4,Friday,6,2025,6,23,0,2,205146.0,428762.0,480277.0,1.86
2025-06-07,6,927200.0,0.0,0.0,927200.0,60000,0.0,987200.0,5,Saturday,6,2025,7,23,1,2,517740.0,506962.0,466601.0,2.43
2025-06-08,4,847640.0,35990.0,0.0,811650.0,30000,0.0,841650.0,6,Sunday,6,2025,8,23,1,2,987200.0,584369.0,494656.0,2.71
2025-06-09,3,729700.0,24980.0,0.0,704720.0,15000,0.0,719720.0,0,Monday,6,2025,9,24,0,2,841650.0,554955.0,500657.0,2.71
2025-06-10,2,504800.0,0.0,0.0,504800.0,15000,0.0,519800.0,1,Tuesday,6,2025,10,24,0,2,719720.0,611011.0,502327.0,2.86
2025-06-11,3,745780.0,0.0,0.0,745780.0,0,0.0,745780.0,2,Wednesday,6,2025,11,24,0,2,519800.0,648148.0,517523.0,3.14
2025-06-12,2,249800.0,0.0,0.0,249800.0,30000,0.0,279800.0,3,Thursday,6,2025,12,24,0,2,745780.0,658813.0,522273.0,3.29
2025-06-13,2,608680.0,48378.0,0.0,560302.0,15000,0.0,575302.0,4,Friday,6,2025,13,24,0,2,279800.0,667036.0,541449.0,3.14
2025-06-14,0,0.0,0.0,0.0,0.0,0,0.0,0.0,5,Saturday,6,2025,14,24,1,2,575302.0,526007.0,536786.0,2.29
2025-06-15,2,517840.0,0.0,0.0,517840.0,0,0.0,517840.0,6,Sunday,6,2025,15,24,1,2,0.0,479749.0,545384.0,2.0
2025-06-16,1,129900.0,0.0,0.0,129900.0,15000,0.0,144900.0,0,Monday,6,2025,16,25,0,2,517840.0,397632.0,533554.0,1.71
2025-06-17,0,0.0,0.0,0.0,0.0,0,0.0,0.0,1,Tuesday,6,2025,17,25,0,2,144900.0,323375.0,515323.0,1.43
2025-06-18,0,0.0,0.0,0.0,0.0,0,0.0,0.0,2,Wednesday,6,2025,18,25,0,2,0.0,216835.0,500127.0,1.0
2025-06-19,1,129900.0,0.0,0.0,129900.0,15000,0.0,144900.0,3,Thursday,6,2025,19,25,0,2,0.0,197563.0,489761.0,0.86
2025-06-20,4,468135.28,0.0,0.0,468135.28,45000,81364.72,594500.0,4,Friday,6,2025,20,25,0,2,144900.0,200306.0,483588.0,1.14
2025-06-21,2,462797.98,22794.0,0.0,440003.98,0,19942.02,459946.0,5,Saturday,6,2025,21,25,1,2,594500.0,266012.0,483345.0,1.43
2025-06-22,1,227940.0,0.0,0.0,227940.0,0,0.0,227940.0,6,Sunday,6,2025,22,25,1,2,459946.0,224598.0,466084.0,1.29
2025-06-23,1,104957.98,0.0,0.0,104957.98,15000,19942.02,139900.0,0,Monday,6,2025,23,26,0,2,227940.0,223884.0,433998.0,1.29
2025-06-24,4,905240.0,0.0,0.0,905240.0,0,0.0,905240.0,1,Tuesday,6,2025,24,26,0,2,139900.0,353204.0,456575.0,1.86
2025-06-25,2,341301.34,11336.13,249900.0,80065.21,15000,19384.79,114450.0,2,Wednesday,6,2025,25,26,0,2,905240.0,369554.0,440973.0,2.14
2025-06-26,4,647771.93,0.0,0.0,647771.93,30000,79768.07,757540.0,3,Thursday,6,2025,26,26,0,2,114450.0,457074.0,443419.0,2.57
2025-06-27,7,1001222.68,0.0,134900.0,866322.68,75000,43077.32,984400.0,4,Friday,6,2025,27,26,0,2,757540.0,512774.0,438883.0,3.0
2025-06-28,4,864684.03,0.0,0.0,864684.03,45000,64615.97,974300.0,5,Saturday,6,2025,28,26,1,2,984400.0,586253.0,454548.0,3.29
2025-06-29,4,1027761.34,0.0,0.0,1027761.34,15000,21538.66,1064300.0,6,Sunday,6,2025,29,26,1,2,974300.0,705733.0,490025.0,3.71
2025-06-30,7,929200.0,0.0,0.0,929200.0,90000,0.0,1019200.0,0,Monday,6,2025,30,27,0,2,1064300.0,831347.0,509338.0,4.57
2025-07-01,8,1675015.96,0.0,0.0,1675015.96,105000,39884.04,1819900.0,1,Tuesday,7,2025,1,27,0,3,1019200.0,962013.0,560008.0,5.14
2025-07-02,10,1524261.34,11336.13,0.0,1512925.21,120000,19384.79,1652310.0,2,Wednesday,7,2025,2,27,0,3,1819900.0,1181707.0,584231.0,6.29
2025-07-03,0,0.0,0.0,0.0,0.0,0,0.0,0.0,3,Thursday,7,2025,3,27,0,3,1652310.0,1073487.0,579984.0,5.71
2025-07-04,2,428161.34,0.0,0.0,428161.34,0,21538.66,449700.0,4,Friday,7,2025,4,27,0,3,0.0,997101.0,578780.0,5.0
2025-07-05,6,757861.34,0.0,0.0,757861.34,90000,21538.66,869400.0,5,Saturday,7,2025,5,27,1,3,449700.0,982116.0,600922.0,5.29
2025-07-06,7,1139300.0,35990.0,0.0,1103310.0,90000,0.0,1193310.0,6,Sunday,7,2025,6,27,1,3,869400.0,1000546.0,623441.0,5.71
2025-07-07,2,559700.0,0.0,0.0,559700.0,0,0.0,559700.0,0,Monday,7,2025,7,28,0,3,1193310.0,934903.0,609191.0,5.0
2025-07-08,3,864557.98,0.0,0.0,864557.98,30000,19942.02,914500.0,1,Tuesday,7,2025,8,28,0,3,559700.0,805560.0,611619.0,4.29
2025-07-09,3,673061.34,0.0,0.0,673061.34,15000,21538.66,709600.0,2,Wednesday,7,2025,9,28,0,3,914500.0,670887.0,611282.0,3.29
2025-07-10,2,389700.0,25980.0,134900.0,228820.0,0,0.0,228820.0,3,Thursday,7,2025,10,28,0,3,709600.0,703576.0,601583.0,3.57
2025-07-11,2,259800.0,0.0,0.0,259800.0,30000,0.0,289800.0,4,Friday,7,2025,11,28,0,3,228820.0,680733.0,586383.0,3.57
2025-07-12,12,1600359.32,0.0,0.0,1600359.32,165000,41480.68,1806840.0,5,Saturday,7,2025,12,28,1,3,289800.0,814653.0,637285.0,4.43
2025-07-13,2,494800.0,35990.0,0.0,458810.0,15000,0.0,473810.0,6,Sunday,7,2025,13,28,1,3,1806840.0,711867.0,633902.0,3.71
2025-07-14,0,0.0,0.0,0.0,0.0,0,0.0,0.0,0,Monday,7,2025,14,29,0,3,473810.0,631910.0,633902.0,3.43
2025-07-15,1,259800.0,0.0,0.0,259800.0,0,0.0,259800.0,1,Tuesday,7,2025,15,29,0,3,0.0,538381.0,625300.0,3.14
2025-07-16,4,584500.0,0.0,0.0,584500.0,45000,0.0,629500.0,2,Wednesday,7,2025,16,29,0,3,259800.0,526939.0,641454.0,3.29
2025-07-17,5,789400.0,0.0,0.0,789400.0,60000,0.0,849400.0,3,Thursday,7,2025,17,29,0,3,629500.0,615593.0,669767.0,3.71
2025-07-18,5,818497.98,22580.0,882440.0,-86522.02,-30000,19942.02,-96580.0,4,Friday,7,2025,18,29,0,3,849400.0,560396.0,666548.0,4.14
2025-07-19,5,1004500.0,24990.0,0.0,979510.0,45000,0.0,1024510.0,5,Saturday,7,2025,19,29,1,3,-96580.0,448634.0,695868.0,3.14
2025-07-20,1,124900.0,0.0,0.0,124900.0,15000,0.0,139900.0,6,Sunday,7,2025,20,29,1,3,1024510.0,400933.0,680715.0,3.0
2025-07-21,6,1071821.34,0.0,0.0,1071821.34,45000,21538.66,1138360.0,0,Monday,7,2025,21,30,0,3,139900.0,563556.0,703328.0,3.86
2025-07-22,2,248261.34,0.0,134900.0,113361.34,15000,21538.66,149900.0,1,Tuesday,7,2025,22,30,0,3,1138360.0,547856.0,700727.0,4.0
2025-07-23,2,269800.0,0.0,134900.0,134900.0,15000,0.0,149900.0,2,Wednesday,7,2025,23,30,0,3,149900.0,479341.0,701060.0,3.71
2025-07-24,2,364757.98,0.0,0.0,364757.98,15000,19942.02,399700.0,3,Thursday,7,2025,24,30,0,3,149900.0,415099.0,684209.0,3.29
2025-07-25,6,1182661.34,12990.0,0.0,1169671.34,75000,21538.66,1266210.0,4,Friday,7,2025,25,30,0,3,399700.0,609783.0,722601.0,3.43
2025-07-26,2,259800.0,0.0,129900.0,129900.0,15000,0.0,144900.0,5,Saturday,7,2025,26,30,1,3,1266210.0,484124.0,702180.0,3.0
2025-07-27,1,227940.0,0.0,0.0,227940.0,0,0.0,227940.0,6,Sunday,7,2025,27,30,1,3,144900.0,496701.0,676964.0,3.0
2025-07-28,1,249900.0,0.0,0.0,249900.0,0,0.0,249900.0,0,Monday,7,2025,28,31,0,3,227940.0,369779.0,652818.0,2.29
2025-07-29,5,991180.67,0.0,0.0,991180.67,45000,63019.33,1099200.0,1,Tuesday,7,2025,29,31,0,3,249900.0,505393.0,653981.0,2.71
2025-07-30,5,702540.0,0.0,0.0,702540.0,60000,0.0,762540.0,2,Wednesday,7,2025,30,31,0,3,1099200.0,592913.0,645426.0,3.14
2025-07-31,4,809500.0,0.0,227940.0,581560.0,30000,0.0,611560.0,3,Thursday,7,2025,31,31,0,3,762540.0,623179.0,605148.0,3.43
2025-08-01,3,899300.0,25980.0,0.0,873320.0,0,0.0,873320.0,4,Friday,8,2025,1,31,0,3,611560.0,567051.0,579181.0,3.0
2025-08-02,1,227940.0,0.0,519600.0,-291660.0,-15000,0.0,-306660.0,5,Saturday,8,2025,2,31,1,3,873320.0,502543.0,568959.0,2.86
2025-08-03,3,539700.0,0.0,0.0,539700.0,30000,0.0,569700.0,6,Sunday,8,2025,3,31,1,3,-306660.0,551366.0,572959.0,3.14
2025-08-04,0,0.0,0.0,0.0,0.0,0,0.0,0.0,0,Monday,8,2025,4,32,0,3,569700.0,515666.0,543979.0,3.0
2025-08-05,2,745780.0,0.0,0.0,745780.0,0,0.0,745780.0,1,Tuesday,8,2025,5,32,0,3,0.0,465177.0,529062.0,2.57
2025-08-06,0,0.0,0.0,289900.0,-289900.0,0,0.0,-289900.0,2,Wednesday,8,2025,6,32,0,3,745780.0,314829.0,500742.0,1.86
2025-08-07,1,289900.0,0.0,0.0,289900.0,0,0.0,289900.0,3,Thursday,8,2025,7,32,0,3,-289900.0,268877.0,479922.0,1.43
2025-08-08,1,368136.13,0.0,0.0,368136.13,0,9563.87,377700.0,4,Friday,8,2025,8,32,0,3,289900.0,198074.0,468858.0,1.14
2025-08-09,1,191546.22,0.0,0.0,191546.22,0,36393.78,227940.0,5,Saturday,8,2025,9,32,1,3,377700.0,274446.0,468829.0,1.14
2025-08-10,0,0.0,0.0,0.0,0.0,0,0.0,0.0,6,Sunday,8,2025,10,32,1,3,227940.0,193060.0,459169.0,0.71
2025-08-11,2,271700.0,0.0,0.0,271700.0,15000,0.0,286700.0,0,Monday,8,2025,11,33,0,3,0.0,234017.0,408498.0,1.0
2025-08-12,2,327478.99,0.0,0.0,327478.99,15000,62221.01,404700.0,1,Tuesday,8,2025,12,33,0,3,286700.0,185291.0,406194.0,1.0
2025-08-13,4,633917.64,0.0,0.0,633917.64,45000,40682.36,719600.0,2,Wednesday,8,2025,13,33,0,3,404700.0,329506.0,430181.0,1.57
2025-08-14,2,357840.0,22794.0,0.0,335046.0,15000,0.0,350046.0,3,Thursday,8,2025,14,33,0,3,719600.0,338098.0,433189.0,1.71
2025-08-15,8,1379247.9,28990.0,0.0,1350257.9,75000,119652.1,1544910.0,4,Friday,8,2025,15,33,0,3,350046.0,504842.0,463703.0,2.71
2025-08-16,6,910373.95,0.0,0.0,910373.95,60000,59826.05,1030200.0,5,Saturday,8,2025,16,33,1,3,1544910.0,619451.0,469729.0,3.43
2025-08-17,3,779557.98,0.0,0.0,779557.98,15000,19942.02,814500.0,6,Sunday,8,2025,17,33,1,3,1030200.0,735808.0,500099.0,3.86
2025-08-18,4,622515.96,0.0,0.0,622515.96,30000,39884.04,692400.0,0,Monday,8,2025,18,34,0,3,814500.0,793765.0,489028.0,4.14
2025-08-19,0,0.0,0.0,0.0,0.0,0,0.0,0.0,1,Tuesday,8,2025,19,34,0,3,692400.0,735951.0,484365.0,3.86
2025-08-20,2,234857.98,0.0,124900.0,109957.98,15000,19942.02,144900.0,2,Wednesday,8,2025,20,34,0,3,0.0,653851.0,451250.0,3.57
2025-08-21,7,1154537.82,0.0,0.0,1154537.82,45000,219362.18,1418900.0,3,Thursday,8,2025,21,34,0,3,144900.0,806544.0,493550.0,4.29
2025-08-22,7,1257297.98,28990.0,0.0,1228307.98,60000,19942.02,1308250.0,4,Friday,8,2025,22,34,0,3,1418900.0,772736.0,532161.0,4.14
2025-08-23,14,1992761.83,0.0,124900.0,1867861.83,135000,179478.17,2182340.0,5,Saturday,8,2025,23,34,1,3,1308250.0,937327.0,591583.0,5.29
2025-08-24,8,992231.92,3990.0,0.0,988241.92,90000,79768.08,1158010.0,6,Sunday,8,2025,24,34,1,3,2182340.0,986400.0,587976.0,6.0
2025-08-25,13,1717325.2,0.0,262757.98,1454567.22,135000,161132.78,1750700.0,0,Monday,8,2025,25,35,0,3,1158010.0,1137586.0,641503.0,7.29
2025-08-26,22,4093187.88,0.0,129900.0,3963287.88,180000,119652.12,4262940.0,1,Tuesday,8,2025,26,35,0,3,1750700.0,1746577.0,776003.0,10.43
2025-08-27,15,2221793.78,0.0,455880.0,1765913.78,135000,259246.22,2160160.0,2,Wednesday,8,2025,27,35,0,3,4262940.0,2034471.0,839678.0,12.29
2025-08-28,16,2123663.86,12990.0,124900.0,1985773.86,180000,159536.14,2325310.0,3,Thursday,8,2025,28,35,0,3,2160160.0,2163959.0,880548.0,13.57
2025-08-29,12,2336848.73,57980.0,0.0,2278868.73,90000,109791.27,2478660.0,4,Friday,8,2025,29,35,0,3,2325310.0,2331160.0,937752.0,14.29
2025-08-30,6,1739063.86,0.0,339800.0,1399263.86,15000,159536.14,1573800.0,5,Saturday,8,2025,30,35,1,3,2478660.0,2244226.0,969827.0,13.14
2025-08-31,9,2226984.03,84460.0,0.0,2142524.03,60000,102235.97,2304760.0,6,Sunday,8,2025,31,35,1,3,1573800.0,2408047.0,1017542.0,13.29
2025-09-01,6,1124315.96,0.0,601567.98,522747.98,0,19942.02,542690.0,0,Monday,9,2025,1,36,0,3,2304760.0,2235474.0,1045853.0,12.29
2025-09-02,5,831062.19,0.0,0.0,831062.19,30000,76277.81,937340.0,1,Tuesday,9,2025,2,36,0,3,542690.0,1760389.0,1058108.0,9.86
2025-09-03,1,227940.0,0.0,249800.0,-21860.0,0,0.0,-21860.0,2,Wednesday,9,2025,3,36,0,3,937340.0,1448671.0,1057379.0,7.86
2025-09-04,6,792613.94,22794.0,0.0,769819.94,75000,59826.06,904646.0,3,Thursday,9,2025,4,36,0,3,-21860.0,1245719.0,1062675.0,6.43
2025-09-05,9,1619858.99,0.0,0.0,1619858.99,75000,62221.01,1757080.0,4,Friday,9,2025,5,36,0,3,904646.0,1142637.0,1130907.0,6.0
2025-09-06,6,5920431.93,12990.0,4246700.0,1660741.93,30000,79768.07,1770510.0,5,Saturday,9,2025,6,36,1,3,1757080.0,1170738.0,1180261.0,6.0
2025-09-07,4,649689.92,0.0,1124100.0,-474410.08,30000,99710.08,-344700.0,6,Sunday,9,2025,7,36,1,3,1770510.0,792244.0,1156181.0,5.29
2025-09-08,5,609557.98,0.0,0.0,609557.98,75000,19942.02,704500.0,0,Monday,9,2025,8,37,0,3,-344700.0,815359.0,1172066.0,5.14
2025-09-09,4,912244.2,35990.0,124900.0,751354.2,-15000,56335.8,792690.0,1,Tuesday,9,2025,9,37,0,3,704500.0,794695.0,1198489.0,5.0
2025-09-10,4,822655.97,0.0,330046.0,492609.97,0,39884.03,532494.0,2,Wednesday,9,2025,10,37,0,3,792690.0,873889.0,1206683.0,5.43
2025-09-11,3,649689.92,0.0,249800.0,399889.92,-15000,99710.08,484600.0,3,Thursday,9,2025,11,37,0,3,532494.0,813882.0,1209346.0,5.0
2025-09-12,3,564673.95,0.0,0.0,564673.95,30000,59826.05,654500.0,4,Friday,9,2025,12,37,0,3,484600.0,656371.0,1207176.0,4.14
2025-09-13,1,209915.97,0.0,414800.0,-204884.03,-15000,39884.03,-180000.0,5,Saturday,9,2025,13,37,1,3,654500.0,377726.0,1189508.0,3.43
2025-09-14,3,577740.0,22794.0,0.0,554946.0,15000,0.0,569946.0,6,Sunday,9,2025,14,37,1,3,-180000.0,508390.0,1157009.0,3.29
2025-09-15,6,1152792.1,0.0,124900.0,1027892.1,30000,49447.9,1107340.0,0,Monday,9,2025,15,38,0,3,569946.0,565939.0,1159580.0,3.43
2025-09-16,4,862515.96,24990.0,0.0,837525.96,15000,39884.04,892410.0,1,Tuesday,9,2025,16,38,0,3,1107340.0,580184.0,1162177.0,3.43
2025-09-17,2,689673.95,0.0,0.0,689673.95,15000,59826.05,764500.0,2,Wednesday,9,2025,17,38,0,3,892410.0,613328.0,1164581.0,3.14
2025-09-18,1,124900.0,0.0,0.0,124900.0,15000,0.0,139900.0,3,Thursday,9,2025,18,38,0,3,764500.0,564085.0,1169244.0,2.86
2025-09-19,1,215900.0,0.0,0.0,215900.0,0,0.0,215900.0,4,Friday,9,2025,19,38,0,3,139900.0,501428.0,1171611.0,2.57
2025-09-20,0,0.0,0.0,0.0,0.0,0,0.0,0.0,5,Saturday,9,2025,20,38,1,3,215900.0,527142.0,1124314.0,2.43
2025-09-21,0,0.0,0.0,0.0,0.0,0,0.0,0.0,6,Sunday,9,2025,21,38,1,3,0.0,445721.0,1080706.0,2.0
2025-09-22,2,499815.97,0.0,0.0,499815.97,0,39884.03,539700.0,0,Monday,9,2025,22,39,0,3,0.0,364630.0,1025951.0,1.43
2025-09-23,5,999415.97,0.0,374800.0,624615.97,15000,39884.03,679500.0,1,Tuesday,9,2025,23,39,0,3,539700.0,334214.0,1010001.0,1.57
2025-09-24,5,1730806.55,0.0,0.0,1730806.55,15000,33513.45,1779320.0,2,Wednesday,9,2025,24,39,0,3,679500.0,479189.0,1010955.0,2.0
2025-09-25,2,234857.98,0.0,0.0,234857.98,30000,19942.02,284800.0,3,Thursday,9,2025,25,39,0,3,1779320.0,499889.0,878350.0,2.14
2025-09-26,2,414800.0,0.0,0.0,414800.0,15000,0.0,429800.0,4,Friday,9,2025,26,39,0,3,284800.0,530446.0,820671.0,2.29
2025-09-27,1,191546.22,0.0,0.0,191546.22,0,36393.78,227940.0,5,Saturday,9,2025,27,39,1,3,429800.0,563009.0,750759.0,2.43
2025-09-28,3,484657.98,0.0,0.0,484657.98,30000,19942.02,534600.0,6,Sunday,9,2025,28,39,1,3,227940.0,639380.0,685957.0,2.86
2025-09-29,1,289900.0,28990.0,36393.78,297303.78,0,-36393.78,260910.0,0,Monday,9,2025,29,40,0,3,534600.0,599553.0,642194.0,2.71
2025-09-30,0,0.0,0.0,124900.0,-124900.0,-15000,0.0,-139900.0,1,Tuesday,9,2025,30,40,0,3,260910.0,482496.0,560705.0,2.0
2025-10-01,1,157800.0,0.0,0.0,157800.0,0,0.0,157800.0,2,Wednesday,10,2025,1,40,0,4,-139900.0,250850.0,547876.0,1.43
2025-10-02,0,0.0,0.0,0.0,0.0,0,0.0,0.0,3,Thursday,10,2025,2,40,0,4,157800.0,210164.0,516631.0,1.14
2025-10-03,1,829700.0,82970.0,0.0,746730.0,0,0.0,746730.0,4,Friday,10,2025,3,40,0,4,0.0,255440.0,542251.0,1.0
2025-10-04,1,113361.34,0.0,0.0,113361.34,15000,21538.66,149900.0,5,Saturday,10,2025,4,40,1,4,746730.0,244291.0,517092.0,1.0
2025-10-05,1,249900.0,0.0,0.0,249900.0,0,0.0,249900.0,6,Sunday,10,2025,5,40,1,4,149900.0,203620.0,466853.0,0.71
2025-10-06,0,0.0,0.0,0.0,0.0,0,0.0,0.0,0,Monday,10,2025,6,41,0,4,249900.0,166347.0,407836.0,0.57
2025-10-07,5,689573.95,0.0,0.0,689573.95,60000,59826.05,809400.0,1,Tuesday,10,2025,7,41,0,4,0.0,301961.0,446306.0,1.29
2025-10-08,0,0.0,0.0,0.0,0.0,0,0.0,0.0,2,Wednesday,10,2025,8,41,0,4,809400.0,279419.0,422823.0,1.14
2025-10-09,3,884689.91,0.0,0.0,884689.91,15000,99710.09,999400.0,3,Thursday,10,2025,9,41,0,4,0.0,422190.0,429713.0,1.57
2025-10-10,0,0.0,0.0,0.0,0.0,0,0.0,0.0,4,Friday,10,2025,10,41,0,4,999400.0,315514.0,411963.0,1.43
2025-10-11,0,0.0,0.0,0.0,0.0,0,0.0,0.0,5,Saturday,10,2025,11,41,1,4,0.0,294100.0,395810.0,1.29
2025-10-12,1,104957.98,0.0,0.0,104957.98,15000,19942.02,139900.0,6,Sunday,10,2025,12,41,1,4,0.0,278386.0,378657.0,1.29
2025-10-13,0,0.0,0.0,0.0,0.0,0,0.0,0.0,0,Monday,10,2025,13,42,0,4,139900.0,278386.0,384657.0,1.29
2025-10-14,0,0.0,0.0,0.0,0.0,0,0.0,0.0,1,Tuesday,10,2025,14,42,0,4,0.0,162757.0,365658.0,0.57
2025-10-15,1,419831.93,0.0,0.0,419831.93,0,79768.07,499600.0,2,Wednesday,10,2025,15,42,0,4,0.0,234129.0,345400.0,0.71
2025-10-16,3,932640.0,0.0,0.0,932640.0,15000,0.0,947640.0,3,Thursday,10,2025,16,42,0,4,499600.0,226734.0,347241.0,0.71
2025-10-17,1,104957.98,0.0,0.0,104957.98,15000,19942.02,139900.0,4,Friday,10,2025,17,42,0,4,947640.0,246720.0,326421.0,0.86
2025-10-18,2,973287.39,53351.34,0.0,919936.05,0,101483.95,1021420.0,5,Saturday,10,2025,18,42,1,4,139900.0,392637.0,355805.0,1.14
2025-10-19,0,0.0,0.0,0.0,0.0,0,0.0,0.0,6,Sunday,10,2025,19,42,1,4,1021420.0,372651.0,348609.0,1.0
2025-10-20,1,124900.0,0.0,0.0,124900.0,15000,0.0,139900.0,0,Monday,10,2025,20,43,0,4,0.0,392637.0,353272.0,1.14
2025-10-21,0,0.0,0.0,0.0,0.0,0,0.0,0.0,1,Tuesday,10,2025,21,43,0,4,139900.0,392637.0,353272.0,1.14
2025-10-22,1,524789.92,0.0,0.0,524789.92,0,99710.08,624500.0,2,Wednesday,10,2025,22,43,0,4,0.0,410480.0,356099.0,1.14
2025-10-23,4,624715.96,0.0,0.0,624715.96,45000,39884.04,709600.0,3,Thursday,10,2025,23,43,0,4,624500.0,376474.0,357102.0,1.29
2025-10-24,3,405657.98,17580.0,0.0,388077.98,30000,19942.02,438020.0,4,Friday,10,2025,24,43,0,4,709600.0,419063.0,312392.0,1.57
2025-10-25,2,419800.0,0.0,0.0,419800.0,15000,0.0,434800.0,5,Saturday,10,2025,25,43,1,4,438020.0,335260.0,317392.0,1.57
2025-10-26,1,134900.0,0.0,0.0,134900.0,15000,0.0,149900.0,6,Sunday,10,2025,26,43,1,4,434800.0,356674.0,308062.0,1.71
2025-10-27,1,104957.98,0.0,0.0,104957.98,15000,19942.02,139900.0,0,Monday,10,2025,27,44,0,4,149900.0,356674.0,305127.0,1.71
2025-10-28,2,414800.0,28990.0,0.0,385810.0,15000,0.0,400810.0,1,Tuesday,10,2025,28,44,0,4,139900.0,413933.0,300668.0,2.0
2025-10-29,5,1191215.96,0.0,124900.0,1066315.96,15000,39884.04,1121200.0,2,Wednesday,10,2025,29,44,0,4,400810.0,484890.0,329344.0,2.57
2025-10-30,0,0.0,0.0,0.0,0.0,0,0.0,0.0,3,Thursday,10,2025,30,44,0,4,1121200.0,383519.0,334007.0,2.0
2025-10-31,6,1464300.0,0.0,265620.0,1198680.0,45000,0.0,1243680.0,4,Friday,10,2025,31,44,0,4,0.0,498613.0,370203.0,2.43
2025-11-01,1,124900.0,0.0,0.0,124900.0,15000,0.0,139900.0,5,Saturday,11,2025,1,44,1,4,1243680.0,456484.0,374867.0,2.29
2025-11-02,2,272757.98,12990.0,0.0,259767.98,15000,19942.02,294710.0,6,Sunday,11,2025,2,44,1,4,139900.0,477171.0,359799.0,2.43
2025-11-03,2,389700.0,0.0,0.0,389700.0,15000,0.0,404700.0,0,Monday,11,2025,3,45,0,4,294710.0,515000.0,368293.0,2.57
2025-11-04,1,249900.0,0.0,129900.0,120000.0,-15000,0.0,105000.0,1,Tuesday,11,2025,4,45,0,4,404700.0,472741.0,363463.0,2.43
2025-11-05,4,682617.98,0.0,0.0,682617.98,30000,19942.02,732560.0,2,Wednesday,11,2025,5,45,0,4,105000.0,417221.0,387881.0,2.29
2025-11-06,3,495755.97,13590.0,0.0,482165.97,30000,39884.03,552050.0,3,Thursday,11,2025,6,45,0,4,732560.0,496086.0,379303.0,2.71
2025-11-07,5,1326840.0,57980.0,0.0,1268860.0,30000,0.0,1298860.0,4,Friday,11,2025,7,45,0,4,552050.0,503969.0,422598.0,2.57
2025-11-08,4,753300.0,0.0,0.0,753300.0,15000,0.0,768300.0,5,Saturday,11,2025,8,45,1,4,1298860.0,593740.0,414895.0,3.0
2025-11-09,1,173378.15,0.0,0.0,173378.15,0,32941.85,206320.0,6,Sunday,11,2025,9,45,1,4,768300.0,581113.0,421772.0,2.86
2025-11-10,0,0.0,0.0,0.0,0.0,0,0.0,0.0,0,Monday,11,2025,10,46,0,4,206320.0,523299.0,421772.0,2.57
2025-11-11,0,0.0,0.0,1066320.0,-1066320.0,-45000,0.0,-1111320.0,1,Tuesday,11,2025,11,46,0,4,0.0,349539.0,380065.0,2.43
2025-11-12,0,0.0,0.0,0.0,0.0,0,0.0,0.0,2,Wednesday,11,2025,12,46,0,4,-1111320.0,244887.0,380065.0,1.86
2025-11-13,0,0.0,0.0,0.0,0.0,0,0.0,0.0,3,Thursday,11,2025,13,46,0,4,0.0,166023.0,380065.0,1.43
2025-11-14,0,0.0,0.0,0.0,0.0,0,0.0,0.0,4,Friday,11,2025,14,46,0,4,0.0,-19529.0,363412.0,0.71
2025-11-15,0,0.0,0.0,0.0,0.0,0,0.0,0.0,5,Saturday,11,2025,15,46,1,4,0.0,-129286.0,331824.0,0.14
2025-11-16,0,0.0,0.0,0.0,0.0,0,0.0,0.0,6,Sunday,11,2025,16,46,1,4,0.0,-158760.0,327160.0,0.0
2025-11-17,0,0.0,0.0,0.0,0.0,0,0.0,0.0,0,Monday,11,2025,17,47,0,4,0.0,-158760.0,293113.0,0.0
2025-11-18,0,0.0,0.0,0.0,0.0,0,0.0,0.0,1,Tuesday,11,2025,18,47,0,4,0.0,0.0,293113.0,0.0
2025-11-19,0,0.0,0.0,0.0,0.0,0,0.0,0.0,2,Wednesday,11,2025,19,47,0,4,0.0,0.0,288450.0,0.0
2025-11-20,0,0.0,0.0,0.0,0.0,0,0.0,0.0,3,Thursday,11,2025,20,47,0,4,0.0,0.0,288450.0,0.0
2025-11-21,0,0.0,0.0,304877.98,-304877.98,0,-19942.02,-324820.0,4,Friday,11,2025,21,47,0,4,0.0,-46403.0,256806.0,0.0
2025-11-22,0,0.0,0.0,0.0,0.0,0,0.0,0.0,5,Saturday,11,2025,22,47,1,4,-324820.0,-46403.0,233152.0,0.0
2025-11-23,0,0.0,0.0,0.0,0.0,0,0.0,0.0,6,Sunday,11,2025,23,47,1,4,0.0,-46403.0,218552.0,0.0
2025-11-24,0,0.0,0.0,173378.15,-173378.15,0,-32941.85,-206320.0,0,Monday,11,2025,24,48,0,4,0.0,-75877.0,197181.0,0.0
2025-11-25,5,1109157.98,0.0,0.0,1109157.98,30000,19942.02,1159100.0,1,Tuesday,11,2025,25,48,0,4,-206320.0,89709.0,230821.0,0.71
2025-11-26,1,249800.0,0.0,0.0,249800.0,0,0.0,249800.0,2,Wednesday,11,2025,26,48,0,4,1159100.0,125394.0,234484.0,0.86
2025-11-27,2,279840.0,0.0,0.0,279840.0,30000,0.0,309840.0,3,Thursday,11,2025,27,48,0,4,249800.0,169657.0,231452.0,1.14
2025-11-28,1,129900.0,0.0,0.0,129900.0,15000,0.0,144900.0,4,Friday,11,2025,28,48,0,4,309840.0,236760.0,198909.0,1.29
2025-11-29,3,389797.98,0.0,0.0,389797.98,0,19942.02,409740.0,5,Saturday,11,2025,29,48,1,4,144900.0,295294.0,212567.0,1.71
2025-11-30,0,0.0,0.0,0.0,0.0,0,0.0,0.0,6,Sunday,11,2025,30,48,1,4,409740.0,295294.0,171111.0,1.71
2025-12-01,2,339815.97,0.0,0.0,339815.97,0,39884.03,379700.0,0,Monday,12,2025,1,49,0,4,0.0,379011.0,179104.0,2.0
2025-12-02,1,289900.0,0.0,0.0,289900.0,0,0.0,289900.0,1,Tuesday,12,2025,2,49,0,4,379700.0,254840.0,178944.0,1.43
2025-12-03,2,439773.95,0.0,0.0,439773.95,0,59826.05,499600.0,2,Wednesday,12,2025,3,49,0,4,289900.0,290526.0,182107.0,1.57
2025-12-04,2,364757.98,0.0,0.0,364757.98,0,19942.02,384700.0,3,Thursday,12,2025,4,49,0,4,499600.0,301220.0,191430.0,1.57
2025-12-05,0,0.0,0.0,0.0,0.0,0,0.0,0.0,4,Friday,12,2025,5,49,0,4,384700.0,280520.0,167012.0,1.43
2025-12-06,2,499657.98,0.0,0.0,499657.98,15000,19942.02,534600.0,5,Saturday,12,2025,6,49,1,4,0.0,298357.0,166430.0,1.29
2025-12-07,0,0.0,0.0,0.0,0.0,0,0.0,0.0,6,Sunday,12,2025,7,49,1,4,534600.0,298357.0,123135.0,1.29
2025-12-08,1,104957.98,0.0,0.0,104957.98,15000,19942.02,139900.0,0,Monday,12,2025,8,50,0,4,0.0,264100.0,102188.0,1.14
2025-12-09,1,124900.0,0.0,0.0,124900.0,0,0.0,124900.0,1,Tuesday,12,2025,9,50,0,4,139900.0,240529.0,99474.0,1.14
2025-12-10,1,289900.0,0.0,124900.0,165000.0,0,0.0,165000.0,2,Wednesday,12,2025,10,50,0,4,124900.0,192729.0,104974.0,1.0
2025-12-11,1,104957.98,0.0,0.0,104957.98,15000,19942.02,139900.0,3,Thursday,12,2025,11,50,0,4,165000.0,157757.0,146681.0,0.86
2025-12-12,0,0.0,0.0,0.0,0.0,0,0.0,0.0,4,Friday,12,2025,12,50,0,4,139900.0,157757.0,146681.0,0.86
2025-12-13,0,0.0,0.0,0.0,0.0,0,0.0,0.0,5,Saturday,12,2025,13,50,1,4,0.0,81386.0,146681.0,0.57
2025-12-14,2,475715.97,0.0,0.0,475715.97,15000,39884.03,530600.0,6,Sunday,12,2025,14,50,1,4,0.0,157186.0,164368.0,0.86
2025-12-15,1,129900.0,0.0,0.0,129900.0,15000,0.0,144900.0,0,Monday,12,2025,15,51,0,4,530600.0,157900.0,169198.0,0.86
2025-12-16,1,249800.0,0.0,0.0,249800.0,0,0.0,249800.0,1,Tuesday,12,2025,16,51,0,4,144900.0,175743.0,177525.0,0.86
2025-12-17,1,129900.0,0.0,249800.0,-119900.0,15000,0.0,-104900.0,2,Wednesday,12,2025,17,51,0,4,249800.0,137186.0,174028.0,0.86
2025-12-18,1,259800.0,0.0,0.0,259800.0,0,0.0,259800.0,3,Thursday,12,2025,18,51,0,4,-104900.0,154314.0,182688.0,0.86
2025-12-19,2,234857.98,0.0,0.0,234857.98,30000,19942.02,284800.0,4,Friday,12,2025,19,51,0,4,259800.0,195000.0,192181.0,1.14
2025-12-20,1,234857.98,0.0,0.0,234857.98,0,19942.02,254800.0,5,Saturday,12,2025,20,51,1,4,284800.0,231400.0,200675.0,1.29
2025-12-21,2,426959.66,0.0,0.0,426959.66,15000,20740.34,462700.0,6,Sunday,12,2025,21,51,1,4,254800.0,221700.0,226925.0,1.29
2025-12-22,5,1451973.95,0.0,259800.0,1192173.95,0,59826.05,1252000.0,0,Monday,12,2025,22,52,0,4,462700.0,379857.0,268659.0,1.86
2025-12-23,0,0.0,0.0,0.0,0.0,0,0.0,0.0,1,Tuesday,12,2025,23,52,0,4,1252000.0,344171.0,268659.0,1.71
2025-12-24,1,314873.95,0.0,0.0,314873.95,0,59826.05,374700.0,2,Wednesday,12,2025,24,52,0,4,0.0,412686.0,288026.0,1.71
2025-12-25,1,104957.98,0.0,0.0,104957.98,15000,19942.02,139900.0,3,Thursday,12,2025,25,52,0,4,374700.0,395557.0,254053.0,1.71
2025-12-26,0,0.0,0.0,0.0,0.0,0,0.0,0.0,4,Friday,12,2025,26,52,0,4,139900.0,354871.0,245726.0,1.43
2025-12-27,0,0.0,0.0,0.0,0.0,0,0.0,0.0,5,Saturday,12,2025,27,52,1,4,0.0,318471.0,235398.0,1.29
2025-12-28,0,0.0,0.0,0.0,0.0,0,0.0,0.0,6,Sunday,12,2025,28,52,1,4,0.0,252371.0,230568.0,1.0
2025-12-29,0,0.0,0.0,0.0,0.0,0,0.0,0.0,0,Monday,12,2025,29,1,0,4,0.0,73514.0,216910.0,0.29
2025-12-30,0,0.0,0.0,0.0,0.0,0,0.0,0.0,1,Tuesday,12,2025,30,1,0,4,0.0,73514.0,216910.0,0.29
2025-12-31,0,0.0,0.0,0.0,0.0,0,0.0,0.0,2,Wednesday,12,2025,31,1,0,4,0.0,19986.0,204253.0,0.14
2026-01-01,0,0.0,0.0,0.0,0.0,0,0.0,0.0,3,Thursday,1,2026,1,1,0,1,0.0,0.0,194590.0,0.0
2026-01-02,0,0.0,0.0,0.0,0.0,0,0.0,0.0,4,Friday,1,2026,2,1,0,1,0.0,0.0,177937.0,0.0
2026-01-03,0,0.0,0.0,0.0,0.0,0,0.0,0.0,5,Saturday,1,2026,3,1,1,1,0.0,0.0,165113.0,0.0
2026-01-04,0,0.0,0.0,0.0,0.0,0,0.0,0.0,6,Sunday,1,2026,4,1,1,1,0.0,0.0,165113.0,0.0
2026-01-05,0,0.0,0.0,0.0,0.0,0,0.0,0.0,0,Monday,1,2026,5,2,0,1,0.0,0.0,147293.0,0.0
2026-01-06,1,394857.98,0.0,0.0,394857.98,0,19942.02,414800.0,1,Tuesday,1,2026,6,2,0,1,0.0,59257.0,161120.0,0.14
2026-01-07,0,0.0,0.0,394857.98,-394857.98,0,-19942.02,-414800.0,2,Wednesday,1,2026,7,2,0,1,414800.0,0.0,142630.0,0.14
2026-01-08,0,0.0,0.0,0.0,0.0,0,0.0,0.0,3,Thursday,1,2026,8,2,0,1,-414800.0,0.0,138467.0,0.14
2026-01-09,2,323277.31,0.0,0.0,323277.31,15000,61422.69,399700.0,4,Friday,1,2026,9,2,0,1,0.0,57100.0,146290.0,0.43
2026-01-10,0,0.0,0.0,0.0,0.0,0,0.0,0.0,5,Saturday,1,2026,10,2,1,1,399700.0,57100.0,141627.0,0.43
2026-01-11,1,109159.66,0.0,0.0,109159.66,15000,20740.34,144900.0,6,Sunday,1,2026,11,2,1,1,0.0,77800.0,146457.0,0.57
2026-01-12,4,419831.92,0.0,0.0,419831.92,60000,79768.08,559600.0,0,Monday,1,2026,12,3,0,1,144900.0,157743.0,165110.0,1.14
2026-01-13,1,113361.34,0.0,0.0,113361.34,15000,21538.66,149900.0,1,Tuesday,1,2026,13,3,0,1,559600.0,119900.0,152420.0,1.14
2026-01-14,0,0.0,0.0,104957.98,-104957.98,-15000,-19942.02,-139900.0,2,Wednesday,1,2026,14,3,0,1,149900.0,159171.0,142927.0,1.14
2026-01-15,0,0.0,0.0,0.0,0.0,0,0.0,0.0,3,Thursday,1,2026,15,3,0,1,-139900.0,159171.0,134600.0,1.14
2026-01-16,0,0.0,0.0,0.0,0.0,0,0.0,0.0,4,Friday,1,2026,16,3,0,1,0.0,102071.0,138097.0,0.86
2026-01-17,0,0.0,0.0,0.0,0.0,0,0.0,0.0,5,Saturday,1,2026,17,3,1,1,0.0,102071.0,129437.0,0.86
2026-01-18,0,0.0,0.0,0.0,0.0,0,0.0,0.0,6,Sunday,1,2026,18,3,1,1,0.0,81371.0,119943.0,0.71
2026-01-19,1,124900.0,0.0,0.0,124900.0,15000,0.0,139900.0,0,Monday,1,2026,19,4,0,1,0.0,21414.0,116113.0,0.29
2026-01-20,0,0.0,0.0,0.0,0.0,0,0.0,0.0,1,Tuesday,1,2026,20,4,0,1,139900.0,0.0,100690.0,0.14
2026-01-21,0,0.0,0.0,0.0,0.0,0,0.0,0.0,2,Wednesday,1,2026,21,4,0,1,0.0,19986.0,58957.0,0.14
2026-01-22,0,0.0,0.0,0.0,0.0,0,0.0,0.0,3,Thursday,1,2026,22,4,0,1,0.0,19986.0,58957.0,0.14
2026-01-23,3,464715.97,0.0,124900.0,339815.97,150000,39884.03,529700.0,4,Friday,1,2026,23,4,0,1,0.0,95657.0,64123.0,0.57
2026-01-24,4,654657.98,0.0,129900.0,524757.98,30000,19942.02,574700.0,5,Saturday,1,2026,24,4,1,1,529700.0,177757.0,78617.0,1.14
2026-01-25,3,401462.18,0.0,0.0,401462.18,30000,76277.82,507740.0,6,Sunday,1,2026,25,4,1,1,574700.0,250291.0,95541.0,1.57
2026-01-26,5,646554.61,0.0,0.0,646554.61,60000,122845.39,829400.0,0,Monday,1,2026,26,5,0,1,507740.0,348791.0,123188.0,2.14
2026-01-27,4,528991.59,0.0,0.0,528991.59,45000,100508.41,674500.0,1,Tuesday,1,2026,27,5,0,1,829400.0,445149.0,145671.0,2.71
2026-01-28,5,803110.89,29361.58,471295.62,302453.69,-90000,77376.31,289830.0,2,Wednesday,1,2026,28,5,0,1,674500.0,486553.0,155332.0,3.43
2026-01-29,9,1144571.41,0.0,0.0,1144571.41,105000,217468.59,1467040.0,3,Thursday,1,2026,29,5,0,1,289830.0,696130.0,204234.0,4.71
2026-01-30,8,1634903.83,32025.58,239857.98,1363020.27,60000,240105.73,1663126.0,4,Friday,1,2026,30,5,0,1,1467040.0,858048.0,259671.0,5.43
2026-01-31,6,900556.29,0.0,0.0,900556.29,60000,123643.71,1084200.0,5,Saturday,1,2026,31,5,1,1,1663126.0,930834.0,295811.0,5.71
2026-02-01,23,3018891.53,0.0,970068.04,2048823.49,195000,389276.51,2633100.0,6,Sunday,2,2026,1,5,1,1,1084200.0,1234457.0,383581.0,8.57
2026-02-02,13,2540236.11,28990.0,226722.69,2284523.42,120000,384486.58,2789010.0,0,Monday,2,2026,2,6,0,1,2633100.0,1514401.0,476548.0,9.71
2026-02-03,4,486522.68,0.0,0.0,486522.68,60000,43077.32,589600.0,1,Tuesday,2,2026,3,6,0,1,2789010.0,1502272.0,496202.0,9.71
2026-02-04,4,1443957.98,26980.0,129900.0,1287077.98,45000,19942.02,1352020.0,2,Wednesday,2,2026,4,6,0,1,589600.0,1654014.0,541269.0,9.57
2026-02-05,2,677183.69,0.0,214117.64,463066.05,15000,44673.95,522740.0,3,Thursday,2,2026,5,6,0,1,1352020.0,1519114.0,544867.0,8.57
2026-02-06,3,512421.01,0.0,0.0,512421.01,30000,42278.99,584700.0,4,Friday,2,2026,6,6,0,1,522740.0,1365053.0,578184.0,7.86
2026-02-07,0,0.0,0.0,450461.01,-450461.01,-45000,-42278.99,-537740.0,5,Saturday,2,2026,7,6,1,1,584700.0,1133347.0,560259.0,7.0
2026-02-08,0,0.0,0.0,0.0,0.0,0,0.0,0.0,6,Sunday,2,2026,8,6,1,1,-537740.0,757190.0,546936.0,3.71
2026-02-09,4,610152.1,11756.3,340932.77,257463.03,30000,22336.97,309800.0,0,Monday,2,2026,9,7,0,1,0.0,403017.0,557262.0,2.43
2026-02-10,1,117563.03,0.0,139900.0,-22336.97,0,22336.97,0.0,1,Tuesday,2,2026,10,7,0,1,309800.0,318789.0,552432.0,2.0
2026-02-11,2,247463.03,0.0,129900.0,117563.03,15000,22336.97,154900.0,2,Wednesday,2,2026,11,7,0,1,0.0,147771.0,538942.0,1.71
2026-02-12,0,0.0,0.0,0.0,0.0,0,0.0,0.0,3,Thursday,2,2026,12,7,0,1,154900.0,73094.0,533946.0,1.43
2026-02-13,1,279800.0,27980.0,0.0,251820.0,15000,0.0,266820.0,4,Friday,2,2026,13,7,0,1,0.0,27683.0,547503.0,1.14
2026-02-14,8,1282845.38,0.0,0.0,1282845.38,120000,86154.62,1489000.0,5,Saturday,2,2026,14,7,1,1,266820.0,317217.0,597136.0,2.29
2026-02-15,10,1646463.03,0.0,0.0,1646463.03,150000,22336.97,1818800.0,6,Sunday,2,2026,15,7,1,1,1489000.0,577046.0,657763.0,3.71
2026-02-16,8,1207431.09,0.0,249059.66,958371.43,90000,130828.57,1179200.0,0,Monday,2,2026,16,8,0,1,1818800.0,701246.0,697070.0,4.29
2026-02-17,7,1279200.0,0.0,0.0,1279200.0,90000,0.0,1369200.0,1,Tuesday,2,2026,17,8,0,1,1179200.0,896846.0,742710.0,5.14
2026-02-18,19,3059152.09,58334.52,516610.0,2484207.57,150000,289732.43,2923940.0,2,Wednesday,2,2026,18,8,0,1,1369200.0,1292423.0,835511.0,7.57
2026-02-19,20,2909650.4,63982.6,918559.66,1927108.14,150000,167841.86,2244950.0,3,Thursday,2,2026,19,8,0,1,2923940.0,1613130.0,910343.0,10.43
2026-02-20,1,113361.34,0.0,0.0,113361.34,15000,21538.66,149900.0,4,Friday,2,2026,20,8,0,1,2244950.0,1596427.0,915339.0,10.43
